Approx Date,Approx Closing Price,
1/29/1998,170,
1/30/1998,174,
1/30/1998,172,
1/31/1998,176,
2/5/1998,176,
2/9/1998,177,
2/11/1998,178,
2/15/1998,178,
2/19/1998,180,
2/24/1998,180,
2/25/1998,178,
2/25/1998,176,
2/25/1998,175,
2/25/1998,173,
2/25/1998,171,
2/27/1998,169,
3/3/1998,170,
3/3/1998,168,
3/5/1998,165,
3/7/1998,166,
3/12/1998,167,
3/17/1998,165,
3/23/1998,166,
3/24/1998,164,
3/27/1998,160,
3/27/1998,159,
3/31/1998,158,
4/5/1998,157,
4/10/1998,156,
4/16/1998,156,
4/21/1998,156,
4/25/1998,157,
4/29/1998,159,
5/4/1998,160,
5/8/1998,161,
5/11/1998,163,
5/13/1998,164,
5/17/1998,165,
5/21/1998,166,
5/24/1998,165,
5/25/1998,163,
5/31/1998,162,
6/5/1998,163,
6/9/1998,163,
6/10/1998,161,
6/16/1998,160,
6/20/1998,160,
6/23/1998,162,
6/27/1998,184,
6/27/1998,182,
6/27/1998,180,
6/27/1998,179,
6/27/1998,177,
6/27/1998,175,
6/27/1998,174,
6/27/1998,172,
6/27/1998,170,
6/27/1998,169,
6/27/1998,167,
6/27/1998,165,
6/27/1998,164,
6/27/1998,162,
6/30/1998,226,
6/30/1998,224,
6/30/1998,222,
6/30/1998,221,
6/30/1998,219,
6/30/1998,217,
6/30/1998,216,
6/30/1998,214,
6/30/1998,212,
6/30/1998,211,
6/30/1998,209,
6/30/1998,207,
6/30/1998,206,
6/30/1998,204,
6/30/1998,202,
6/30/1998,201,
6/30/1998,199,
6/30/1998,197,
6/30/1998,196,
6/30/1998,194,
6/30/1998,192,
6/30/1998,191,
7/3/1998,183,
7/3/1998,181,
7/3/1998,180,
7/3/1998,178,
7/3/1998,176,
7/3/1998,175,
7/3/1998,173,
7/3/1998,171,
7/3/1998,170,
7/3/1998,168,
7/3/1998,165,
7/3/1998,163,
7/4/1998,166,
7/9/1998,166,
7/15/1998,166,
7/20/1998,166,
7/25/1998,166,
7/31/1998,166,
8/5/1998,167,
8/10/1998,168,
8/16/1998,168,
8/21/1998,166,
8/26/1998,167,
8/31/1998,168,
9/6/1998,169,
9/10/1998,170,
9/12/1998,172,
9/15/1998,174,
9/18/1998,179,
9/18/1998,177,
9/18/1998,176,
9/20/1998,181,
9/24/1998,183,
9/28/1998,183,
10/1/1998,186,
10/1/1998,185,
10/4/1998,188,
10/8/1998,190,
10/10/1998,192,
10/16/1998,192,
10/18/1998,190,
10/23/1998,190,
10/25/1998,188,
10/29/1998,187,
11/3/1998,187,
11/9/1998,188,
11/12/1998,189,
11/12/1998,187,
11/12/1998,185,
11/12/1998,184,
11/12/1998,182,
11/12/1998,180,
11/12/1998,179,
11/12/1998,177,
11/12/1998,174,
11/14/1998,175,
11/18/1998,176,
11/22/1998,178,
11/27/1998,181,
12/2/1998,181,
12/8/1998,182,
12/13/1998,180,
12/18/1998,178,
12/24/1998,178,
12/26/1998,177,
12/31/1998,179,
1/6/1999,179,
1/11/1999,179,
1/16/1999,178,
1/22/1999,178,
1/26/1999,179,
1/28/1999,181,
2/1/1999,184,
2/7/1999,184,
2/12/1999,186,
2/13/1999,183,
2/15/1999,185,
2/20/1999,186,
2/24/1999,186,
2/25/1999,187,
3/1/1999,190,
3/1/1999,188,
3/4/1999,192,
3/5/1999,193,
3/10/1999,192,
3/14/1999,192,
3/14/1999,191,
3/17/1999,193,
3/21/1999,196,
3/25/1999,195,
3/29/1999,197,
4/2/1999,198,
4/6/1999,200,
4/10/1999,203,
4/13/1999,206,
4/13/1999,204,
4/15/1999,208,
4/18/1999,209,
4/21/1999,210,
4/25/1999,212,
4/30/1999,212,
5/1/1999,214,
5/4/1999,223,
5/4/1999,221,
5/4/1999,220,
5/4/1999,218,
5/4/1999,217,
5/6/1999,226,
5/6/1999,225,
5/9/1999,230,
5/9/1999,228,
5/11/1999,231,
5/14/1999,227,
5/14/1999,226,
5/17/1999,221,
5/17/1999,220,
5/17/1999,218,
5/17/1999,216,
5/17/1999,215,
5/17/1999,214,
5/21/1999,212,
5/26/1999,212,
5/30/1999,213,
6/2/1999,216,
6/5/1999,217,
6/7/1999,222,
6/7/1999,221,
6/7/1999,219,
6/10/1999,224,
6/13/1999,226,
6/14/1999,227,
6/19/1999,226,
6/21/1999,223,
6/22/1999,224,
6/26/1999,226,
6/30/1999,227,
7/5/1999,228,
7/10/1999,228,
7/16/1999,229,
7/21/1999,230,
7/26/1999,231,
7/30/1999,232,
8/2/1999,234,
8/5/1999,236,
8/7/1999,238,
8/10/1999,239,
8/13/1999,242,
8/15/1999,244,
8/15/1999,243,
8/19/1999,245,
8/22/1999,246,
8/26/1999,245,
8/30/1999,244,
9/3/1999,244,
9/4/1999,245,
9/8/1999,246,
9/11/1999,247,
9/13/1999,249,
9/16/1999,252,
9/17/1999,254,
9/23/1999,255,
9/27/1999,255,
10/1/1999,256,
10/2/1999,257,
10/6/1999,259,
10/10/1999,261,
10/13/1999,260,
10/15/1999,257,
10/17/1999,258,
10/21/1999,257,
10/25/1999,255,
10/28/1999,252,
10/31/1999,254,
11/1/1999,256,
11/5/1999,258,
11/9/1999,260,
11/15/1999,261,
11/19/1999,262,
11/21/1999,265,
11/24/1999,267,
11/24/1999,266,
11/28/1999,270,
12/2/1999,274,
12/2/1999,272,
12/2/1999,271,
12/5/1999,275,
12/6/1999,277,
12/12/1999,276,
12/15/1999,275,
12/15/1999,274,
12/18/1999,276,
12/21/1999,277,
12/23/1999,279,
12/26/1999,283,
12/26/1999,282,
12/27/1999,285,
12/28/1999,287,
12/30/1999,293,
12/30/1999,291,
12/30/1999,290,
12/30/1999,288,
12/31/1999,301,
12/31/1999,299,
12/31/1999,298,
12/31/1999,296,
1/3/2000,293,
1/3/2000,291,
1/4/2000,294,
1/7/2000,296,
1/8/2000,302,
1/8/2000,300,
1/8/2000,298,
1/11/2000,311,
1/11/2000,309,
1/11/2000,308,
1/12/2000,306,
1/13/2000,304,
1/16/2000,308,
1/16/2000,307,
1/19/2000,322,
1/19/2000,320,
1/19/2000,318,
1/19/2000,317,
1/19/2000,315,
1/19/2000,313,
1/19/2000,312,
1/21/2000,334,
1/21/2000,333,
1/21/2000,331,
1/21/2000,329,
1/23/2000,327,
1/24/2000,325,
1/24/2000,324,
1/27/2000,328,
1/28/2000,330,
2/1/2000,328,
2/4/2000,326,
2/4/2000,324,
2/4/2000,323,
2/6/2000,320,
2/6/2000,319,
2/9/2000,316,
2/11/2000,318,
2/14/2000,322,
2/14/2000,321,
2/17/2000,324,
2/18/2000,326,
2/21/2000,329,
2/26/2000,337,
2/26/2000,335,
2/26/2000,333,
2/26/2000,332,
2/27/2000,346,
2/27/2000,344,
2/27/2000,343,
2/27/2000,341,
2/27/2000,339,
3/1/2000,331,
3/2/2000,333,
3/6/2000,339,
3/6/2000,337,
3/6/2000,335,
3/6/2000,333,
3/9/2000,347,
3/9/2000,345,
3/9/2000,344,
3/9/2000,342,
3/9/2000,341,
3/12/2000,350,
3/12/2000,349,
3/14/2000,369,
3/14/2000,367,
3/14/2000,365,
3/14/2000,364,
3/14/2000,362,
3/14/2000,360,
3/16/2000,359,
3/16/2000,357,
3/16/2000,355,
3/16/2000,354,
3/17/2000,352,
3/18/2000,351,
3/22/2000,349,
3/24/2000,352,
3/24/2000,350,
3/25/2000,361,
3/25/2000,359,
3/25/2000,358,
3/25/2000,356,
3/25/2000,354,
3/25/2000,346,
3/27/2000,348,
3/30/2000,354,
3/30/2000,353,
3/30/2000,351,
3/30/2000,350,
4/2/2000,360,
4/3/2000,364,
4/3/2000,362,
4/3/2000,361,
4/4/2000,359,
4/4/2000,357,
4/4/2000,355,
4/4/2000,354,
4/4/2000,352,
4/5/2000,350,
4/5/2000,349,
4/6/2000,347,
4/10/2000,347,
4/14/2000,345,
4/19/2000,344,
4/24/2000,343,
4/28/2000,342,
5/2/2000,340,
5/8/2000,339,
5/12/2000,340,
5/16/2000,338,
5/21/2000,338,
5/25/2000,349,
5/25/2000,348,
5/25/2000,346,
5/25/2000,344,
5/25/2000,343,
5/25/2000,341,
5/25/2000,339,
5/25/2000,338,
5/28/2000,373,
5/28/2000,371,
5/28/2000,369,
5/28/2000,368,
5/28/2000,366,
5/28/2000,364,
5/28/2000,363,
5/28/2000,361,
5/28/2000,359,
5/28/2000,358,
5/28/2000,356,
5/28/2000,354,
5/30/2000,349,
5/30/2000,348,
5/30/2000,346,
5/30/2000,344,
5/30/2000,339,
6/1/2000,343,
6/1/2000,341,
6/5/2000,349,
6/5/2000,348,
6/5/2000,346,
6/5/2000,344,
6/7/2000,352,
6/7/2000,351,
6/10/2000,355,
6/10/2000,354,
6/11/2000,359,
6/11/2000,357,
6/12/2000,360,
6/16/2000,356,
6/22/2000,355,
6/26/2000,354,
6/27/2000,356,
7/2/2000,355,
7/4/2000,345,
7/4/2000,344,
7/4/2000,342,
7/4/2000,340,
7/4/2000,339,
7/4/2000,337,
7/4/2000,335,
7/4/2000,333,
7/4/2000,332,
7/4/2000,330,
7/4/2000,328,
7/4/2000,327,
7/4/2000,325,
7/5/2000,354,
7/5/2000,351,
7/5/2000,350,
7/5/2000,348,
7/5/2000,346,
7/6/2000,356,
7/9/2000,357,
7/10/2000,359,
7/14/2000,365,
7/14/2000,364,
7/14/2000,362,
7/17/2000,379,
7/17/2000,377,
7/17/2000,375,
7/17/2000,374,
7/17/2000,372,
7/17/2000,370,
7/17/2000,369,
7/17/2000,367,
7/20/2000,392,
7/20/2000,390,
7/20/2000,389,
7/20/2000,387,
7/20/2000,385,
7/22/2000,409,
7/22/2000,407,
7/22/2000,405,
7/22/2000,404,
7/22/2000,402,
7/22/2000,400,
7/22/2000,399,
7/22/2000,397,
7/25/2000,421,
7/25/2000,420,
7/25/2000,418,
7/25/2000,416,
7/25/2000,415,
7/25/2000,413,
7/27/2000,425,
7/29/2000,423,
8/2/2000,420,
8/2/2000,419,
8/2/2000,417,
8/4/2000,413,
8/4/2000,411,
8/4/2000,410,
8/4/2000,408,
8/8/2000,405,
8/8/2000,403,
8/8/2000,401,
8/10/2000,411,
8/10/2000,410,
8/10/2000,408,
8/10/2000,406,
8/10/2000,400,
8/10/2000,398,
8/10/2000,396,
8/10/2000,395,
8/12/2000,420,
8/12/2000,418,
8/12/2000,416,
8/12/2000,415,
8/15/2000,421,
8/18/2000,420,
8/18/2000,418,
8/22/2000,422,
8/26/2000,422,
8/28/2000,425,
8/28/2000,423,
8/31/2000,428,
8/31/2000,427,
9/3/2000,430,
9/3/2000,429,
9/5/2000,444,
9/5/2000,442,
9/5/2000,441,
9/5/2000,439,
9/5/2000,437,
9/5/2000,435,
9/5/2000,434,
9/5/2000,433,
9/8/2000,456,
9/8/2000,455,
9/8/2000,453,
9/8/2000,451,
9/8/2000,450,
9/10/2000,472,
9/10/2000,471,
9/10/2000,469,
9/10/2000,467,
9/10/2000,466,
9/10/2000,464,
9/10/2000,462,
9/10/2000,461,
9/13/2000,480,
9/14/2000,478,
9/14/2000,476,
9/14/2000,474,
9/16/2000,472,
9/16/2000,471,
9/18/2000,470,
9/21/2000,473,
9/21/2000,471,
9/24/2000,486,
9/24/2000,485,
9/24/2000,483,
9/24/2000,481,
9/24/2000,480,
9/24/2000,478,
9/24/2000,476,
9/24/2000,475,
9/26/2000,496,
9/26/2000,494,
9/26/2000,492,
9/26/2000,491,
9/29/2000,506,
9/29/2000,504,
9/29/2000,502,
9/29/2000,501,
9/29/2000,499,
9/29/2000,498,
10/2/2000,515,
10/2/2000,513,
10/2/2000,512,
10/2/2000,510,
10/2/2000,508,
10/4/2000,521,
10/4/2000,519,
10/4/2000,518,
10/7/2000,541,
10/7/2000,539,
10/7/2000,537,
10/7/2000,536,
10/7/2000,534,
10/7/2000,532,
10/7/2000,531,
10/7/2000,529,
10/7/2000,527,
10/7/2000,526,
10/7/2000,525,
10/10/2000,544,
10/10/2000,543,
10/14/2000,546,
10/15/2000,544,
10/15/2000,543,
10/17/2000,537,
10/17/2000,536,
10/18/2000,534,
10/18/2000,532,
10/18/2000,531,
10/18/2000,529,
10/18/2000,527,
10/18/2000,526,
10/18/2000,524,
10/18/2000,522,
10/18/2000,521,
10/18/2000,519,
10/18/2000,517,
10/18/2000,516,
10/18/2000,514,
10/18/2000,512,
10/18/2000,511,
10/18/2000,509,
10/18/2000,507,
10/19/2000,505,
10/19/2000,504,
10/20/2000,502,
10/20/2000,500,
10/20/2000,498,
10/20/2000,497,
10/20/2000,495,
10/20/2000,493,
10/20/2000,492,
10/20/2000,490,
10/23/2000,507,
10/25/2000,508,
10/26/2000,506,
10/26/2000,504,
10/26/2000,503,
10/28/2000,501,
10/28/2000,499,
10/28/2000,497,
11/2/2000,495,
11/2/2000,492,
11/3/2000,491,
11/5/2000,488,
11/5/2000,485,
11/6/2000,486,
11/12/2000,488,
11/15/2000,490,
11/18/2000,495,
11/18/2000,493,
11/18/2000,492,
11/21/2000,490,
11/21/2000,489,
11/24/2000,486,
11/25/2000,487,
11/29/2000,486,
11/29/2000,485,
11/29/2000,483,
11/29/2000,482,
12/2/2000,480,
12/2/2000,478,
12/2/2000,476,
12/2/2000,475,
12/2/2000,473,
12/4/2000,470,
12/4/2000,468,
12/7/2000,466,
12/7/2000,464,
12/7/2000,463,
12/10/2000,461,
12/14/2000,459,
12/18/2000,462,
12/18/2000,461,
12/20/2000,466,
12/20/2000,464,
12/24/2000,468,
12/26/2000,467,
12/28/2000,466,
12/28/2000,463,
12/30/2000,464,
1/3/2001,461,
1/3/2001,460,
1/3/2001,458,
1/5/2001,456,
1/5/2001,454,
1/7/2001,452,
1/8/2001,451,
1/11/2001,446,
1/11/2001,444,
1/11/2001,442,
1/11/2001,441,
1/11/2001,439,
1/11/2001,438,
1/13/2001,434,
1/13/2001,432,
1/13/2001,430,
1/13/2001,429,
1/16/2001,426,
1/16/2001,425,
1/16/2001,423,
1/19/2001,418,
1/19/2001,416,
1/19/2001,415,
1/19/2001,413,
1/19/2001,411,
1/19/2001,410,
1/19/2001,408,
1/19/2001,406,
1/19/2001,405,
1/19/2001,403,
1/19/2001,402,
1/21/2001,399,
1/21/2001,397,
1/21/2001,395,
1/21/2001,394,
1/21/2001,392,
1/21/2001,390,
1/21/2001,389,
1/21/2001,387,
1/21/2001,385,
1/21/2001,384,
1/21/2001,382,
1/21/2001,380,
1/21/2001,379,
1/21/2001,377,
1/23/2001,375,
1/27/2001,391,
1/27/2001,390,
1/27/2001,388,
1/27/2001,386,
1/27/2001,384,
1/27/2001,383,
1/27/2001,381,
1/27/2001,379,
1/27/2001,378,
1/27/2001,377,
1/29/2001,394,
2/1/2001,397,
2/2/2001,396,
2/6/2001,392,
2/6/2001,391,
2/9/2001,390,
2/9/2001,388,
2/12/2001,386,
2/12/2001,384,
2/16/2001,380,
2/16/2001,379,
2/16/2001,377,
2/17/2001,382,
2/19/2001,374,
2/21/2001,376,
2/23/2001,378,
2/24/2001,380,
2/25/2001,386,
2/25/2001,384,
2/25/2001,383,
2/26/2001,376,
3/3/2001,386,
3/3/2001,384,
3/3/2001,383,
3/3/2001,381,
3/3/2001,379,
3/3/2001,378,
3/3/2001,376,
3/3/2001,374,
3/3/2001,373,
3/5/2001,410,
3/5/2001,408,
3/5/2001,406,
3/5/2001,405,
3/5/2001,403,
3/5/2001,401,
3/5/2001,400,
3/5/2001,398,
3/5/2001,396,
3/5/2001,395,
3/5/2001,393,
3/5/2001,391,
3/5/2001,390,
3/5/2001,388,
3/5/2001,372,
3/7/2001,370,
3/10/2001,369,
3/14/2001,367,
3/19/2001,366,
3/23/2001,366,
3/27/2001,368,
3/30/2001,367,
4/2/2001,365,
4/6/2001,364,
4/6/2001,363,
4/6/2001,361,
4/6/2001,360,
4/8/2001,359,
4/8/2001,357,
4/8/2001,355,
4/8/2001,354,
4/11/2001,352,
4/11/2001,350,
4/11/2001,349,
4/11/2001,347,
4/11/2001,345,
4/11/2001,344,
4/11/2001,342,
4/11/2001,341,
4/15/2001,336,
4/15/2001,334,
4/15/2001,332,
4/16/2001,364,
4/16/2001,362,
4/16/2001,360,
4/16/2001,359,
4/16/2001,357,
4/16/2001,355,
4/16/2001,354,
4/16/2001,352,
4/16/2001,350,
4/16/2001,349,
4/16/2001,347,
4/16/2001,345,
4/16/2001,330,
4/18/2001,343,
4/18/2001,341,
4/18/2001,340,
4/18/2001,338,
4/19/2001,334,
4/20/2001,336,
4/24/2001,337,
4/26/2001,339,
5/1/2001,340,
5/2/2001,342,
5/5/2001,339,
5/5/2001,337,
5/5/2001,335,
5/6/2001,333,
5/8/2001,331,
5/10/2001,335,
5/14/2001,336,
5/17/2001,334,
5/21/2001,333,
5/21/2001,332,
5/23/2001,330,
5/23/2001,328,
5/23/2001,327,
5/28/2001,326,
5/31/2001,324,
5/31/2001,323,
6/3/2001,328,
6/3/2001,327,
6/3/2001,326,
6/6/2001,344,
6/6/2001,342,
6/6/2001,340,
6/6/2001,339,
6/6/2001,337,
6/6/2001,335,
6/6/2001,333,
6/6/2001,332,
6/7/2001,349,
6/7/2001,347,
6/7/2001,345,
6/8/2001,352,
6/8/2001,350,
6/11/2001,344,
6/11/2001,342,
6/11/2001,340,
6/11/2001,339,
6/11/2001,337,
6/14/2001,335,
6/14/2001,333,
6/16/2001,331,
6/16/2001,329,
6/16/2001,328,
6/19/2001,323,
6/20/2001,322,
6/24/2001,322,
6/26/2001,323,
6/27/2001,325,
6/30/2001,318,
6/30/2001,316,
7/1/2001,319,
7/4/2001,329,
7/4/2001,327,
7/4/2001,326,
7/4/2001,324,
7/4/2001,322,
7/4/2001,321,
7/8/2001,319,
7/10/2001,314,
7/12/2001,317,
7/12/2001,315,
7/13/2001,322,
7/14/2001,320,
7/14/2001,318,
7/16/2001,312,
7/17/2001,317,
7/17/2001,315,
7/17/2001,314,
7/21/2001,312,
7/21/2001,310,
7/21/2001,308,
7/21/2001,307,
7/21/2001,305,
7/21/2001,303,
7/21/2001,302,
7/21/2001,300,
7/22/2001,299,
7/24/2001,297,
7/24/2001,295,
7/24/2001,294,
7/26/2001,293,
7/26/2001,291,
7/26/2001,289,
7/29/2001,284,
7/29/2001,282,
7/30/2001,281,
8/4/2001,283,
8/7/2001,280,
8/8/2001,278,
8/8/2001,277,
8/8/2001,275,
8/11/2001,274,
8/11/2001,272,
8/14/2001,263,
8/14/2001,262,
8/15/2001,268,
8/15/2001,266,
8/15/2001,265,
8/16/2001,270,
8/16/2001,272,
8/19/2001,280,
8/19/2001,278,
8/19/2001,277,
8/19/2001,275,
8/23/2001,282,
8/24/2001,281,
8/24/2001,280,
8/27/2001,277,
8/27/2001,276,
8/28/2001,275,
9/1/2001,276,
9/4/2001,281,
9/4/2001,279,
9/4/2001,278,
9/8/2001,282,
9/13/2001,282,
9/17/2001,282,
9/21/2001,281,
9/25/2001,283,
9/28/2001,287,
9/28/2001,285,
10/1/2001,289,
10/1/2001,288,
10/3/2001,292,
10/3/2001,290,
10/6/2001,295,
10/7/2001,297,
10/11/2001,300,
10/14/2001,301,
10/16/2001,298,
10/16/2001,297,
10/19/2001,295,
10/19/2001,294,
10/22/2001,291,
10/22/2001,286,
10/22/2001,284,
10/23/2001,289,
10/23/2001,287,
10/27/2001,287,
10/28/2001,288,
11/1/2001,288,
11/4/2001,290,
11/8/2001,287,
11/12/2001,283,
11/13/2001,284,
11/17/2001,282,
11/17/2001,281,
11/20/2001,279,
11/21/2001,278,
11/25/2001,274,
11/25/2001,273,
11/28/2001,271,
11/28/2001,269,
12/1/2001,267,
12/1/2001,265,
12/1/2001,263,
12/5/2001,261,
12/9/2001,262,
12/9/2001,257,
12/9/2001,255,
12/10/2001,259,
12/10/2001,258,
12/14/2001,262,
12/15/2001,261,
12/17/2001,259,
12/19/2001,257,
12/23/2001,255,
12/24/2001,257,
12/26/2001,253,
12/30/2001,252,
1/1/2002,251,
1/1/2002,249,
1/4/2002,247,
1/4/2002,245,
1/4/2002,244,
1/7/2002,242,
1/7/2002,240,
1/11/2002,236,
1/16/2002,234,
1/17/2002,233,
1/20/2002,231,
1/20/2002,229,
1/20/2002,228,
1/23/2002,226,
1/25/2002,224,
1/25/2002,223,
1/28/2002,221,
1/28/2002,220,
1/31/2002,218,
2/2/2002,216,
2/2/2002,214,
2/2/2002,212,
2/2/2002,211,
2/5/2002,208,
2/5/2002,206,
2/5/2002,205,
2/5/2002,203,
2/8/2002,199,
2/8/2002,197,
2/8/2002,196,
2/10/2002,193,
2/10/2002,192,
2/13/2002,186,
2/14/2002,189,
2/14/2002,187,
2/16/2002,194,
2/16/2002,192,
2/16/2002,191,
2/18/2002,200,
2/18/2002,198,
2/21/2002,208,
2/21/2002,206,
2/21/2002,205,
2/21/2002,203,
2/22/2002,210,
2/24/2002,213,
2/24/2002,211,
2/26/2002,207,
2/26/2002,206,
2/28/2002,203,
3/1/2002,201,
3/1/2002,200,
3/1/2002,198,
3/4/2002,211,
3/4/2002,207,
3/5/2002,209,
3/9/2002,212,
3/9/2002,211,
3/9/2002,209,
3/11/2002,215,
3/11/2002,214,
3/13/2002,216,
3/14/2002,218,
3/18/2002,214,
3/21/2002,216,
3/26/2002,215,
3/30/2002,218,
4/3/2002,219,
4/6/2002,221,
4/7/2002,226,
4/7/2002,224,
4/7/2002,222,
4/10/2002,232,
4/10/2002,231,
4/10/2002,229,
4/12/2002,243,
4/12/2002,242,
4/14/2002,240,
4/14/2002,238,
4/14/2002,236,
4/15/2002,235,
4/19/2002,238,
4/23/2002,237,
4/24/2002,239,
4/27/2002,241,
4/28/2002,239,
5/1/2002,237,
5/1/2002,236,
5/4/2002,233,
5/5/2002,234,
5/9/2002,233,
5/13/2002,232,
5/18/2002,231,
5/22/2002,230,
5/22/2002,228,
5/22/2002,227,
5/26/2002,226,
5/30/2002,227,
6/3/2002,229,
6/7/2002,228,
6/7/2002,226,
6/10/2002,223,
6/10/2002,221,
6/10/2002,220,
6/10/2002,219,
6/12/2002,227,
6/12/2002,224,
6/14/2002,226,
6/18/2002,224,
6/22/2002,223,
6/23/2002,226,
6/23/2002,225,
6/26/2002,223,
6/27/2002,221,
7/1/2002,221,
7/4/2002,223,
7/5/2002,224,
7/10/2002,224,
7/16/2002,224,
7/21/2002,224,
7/26/2002,226,
7/30/2002,227,
8/3/2002,229,
8/7/2002,228,
8/10/2002,227,
8/14/2002,225,
8/19/2002,224,
8/24/2002,223,
8/30/2002,223,
9/3/2002,221,
9/3/2002,220,
9/7/2002,218,
9/12/2002,217,
9/17/2002,218,
9/23/2002,219,
9/26/2002,219,
9/30/2002,221,
10/4/2002,223,
10/4/2002,222,
10/7/2002,225,
10/11/2002,223,
10/16/2002,221,
10/22/2002,220,
10/26/2002,219,
10/30/2002,217,
11/4/2002,217,
11/9/2002,216,
11/15/2002,215,
11/20/2002,214,
11/21/2002,212,
11/24/2002,209,
11/24/2002,207,
11/28/2002,206,
12/2/2002,206,
12/3/2002,204,
12/8/2002,203,
12/14/2002,202,
12/16/2002,200,
12/22/2002,201,
12/27/2002,198,
1/1/2003,198,
1/5/2003,200,
1/8/2003,216,
1/8/2003,214,
1/8/2003,212,
1/8/2003,211,
1/8/2003,209,
1/8/2003,207,
1/8/2003,206,
1/8/2003,204,
1/8/2003,202,
1/12/2003,225,
1/12/2003,223,
1/12/2003,222,
1/13/2003,226,
1/13/2003,220,
1/16/2003,217,
1/16/2003,216,
1/16/2003,214,
1/19/2003,213,
1/23/2003,211,
1/28/2003,211,
2/1/2003,211,
2/4/2003,210,
2/5/2003,208,
2/10/2003,208,
2/15/2003,207,
2/19/2003,207,
2/22/2003,210,
2/22/2003,208,
2/25/2003,211,
2/27/2003,214,
3/1/2003,250,
3/1/2003,248,
3/1/2003,247,
3/1/2003,245,
3/1/2003,243,
3/1/2003,242,
3/1/2003,240,
3/1/2003,238,
3/1/2003,236,
3/1/2003,235,
3/1/2003,233,
3/1/2003,231,
3/1/2003,230,
3/1/2003,228,
3/1/2003,226,
3/1/2003,225,
3/1/2003,223,
3/1/2003,221,
3/1/2003,220,
3/1/2003,218,
3/1/2003,216,
3/1/2003,215,
3/2/2003,317,
3/2/2003,315,
3/2/2003,313,
3/2/2003,312,
3/2/2003,310,
3/2/2003,308,
3/2/2003,307,
3/2/2003,305,
3/2/2003,303,
3/2/2003,302,
3/2/2003,300,
3/2/2003,298,
3/2/2003,297,
3/2/2003,295,
3/2/2003,293,
3/2/2003,292,
3/2/2003,290,
3/2/2003,288,
3/2/2003,287,
3/2/2003,285,
3/2/2003,283,
3/2/2003,282,
3/2/2003,280,
3/2/2003,278,
3/2/2003,277,
3/2/2003,275,
3/2/2003,273,
3/2/2003,272,
3/2/2003,270,
3/2/2003,268,
3/2/2003,267,
3/2/2003,265,
3/2/2003,263,
3/2/2003,262,
3/2/2003,260,
3/2/2003,258,
3/2/2003,257,
3/2/2003,255,
3/2/2003,253,
3/2/2003,252,
3/5/2003,214,
3/7/2003,212,
3/10/2003,214,
3/11/2003,216,
3/15/2003,216,
3/18/2003,215,
3/22/2003,214,
3/27/2003,211,
4/2/2003,209,
4/7/2003,209,
4/12/2003,209,
4/17/2003,208,
4/23/2003,208,
4/28/2003,207,
5/3/2003,207,
5/9/2003,208,
5/14/2003,209,
5/19/2003,208,
5/25/2003,208,
5/26/2003,210,
5/30/2003,207,
6/4/2003,205,
6/10/2003,205,
6/15/2003,205,
6/20/2003,204,
6/25/2003,203,
7/1/2003,205,
7/6/2003,204,
7/11/2003,203,
7/17/2003,203,
7/22/2003,202,
7/26/2003,203,
7/29/2003,204,
8/2/2003,206,
8/4/2003,207,
8/8/2003,209,
8/12/2003,211,
8/14/2003,209,
8/16/2003,206,
8/19/2003,205,
8/19/2003,203,
8/23/2003,202,
8/28/2003,204,
8/29/2003,206,
9/2/2003,207,
9/8/2003,207,
9/13/2003,206,
9/18/2003,206,
9/24/2003,207,
9/29/2003,207,
10/4/2003,207,
10/10/2003,207,
10/15/2003,207,
10/20/2003,207,
10/26/2003,207,
10/31/2003,206,
11/5/2003,206,
11/10/2003,206,
11/13/2003,205,
11/16/2003,206,
11/18/2003,206,
11/21/2003,205,
11/24/2003,206,
11/25/2003,204,
11/29/2003,206,
11/29/2003,204,
12/3/2003,206,
12/3/2003,204,
12/4/2003,202,
12/4/2003,204,
12/8/2003,203,
12/10/2003,201,
12/12/2003,200,
12/15/2003,201,
12/18/2003,200,
12/20/2003,201,
12/23/2003,200,
12/26/2003,201,
12/28/2003,200,
12/31/2003,201,
1/3/2004,200,
1/4/2004,201,
1/8/2004,202,
1/8/2004,200,
1/12/2004,206,
1/12/2004,204,
1/13/2004,201,
1/14/2004,207,
1/17/2004,210,
1/19/2004,206,
1/20/2004,212,
1/21/2004,211,
1/24/2004,210,
1/26/2004,211,
1/30/2004,211,
2/1/2004,211,
2/4/2004,211,
2/6/2004,211,
2/9/2004,210,
2/11/2004,210,
2/15/2004,210,
2/15/2004,210,
2/19/2004,209,
2/20/2004,209,
2/25/2004,208,
2/25/2004,208,
3/1/2004,208,
3/2/2004,207,
3/6/2004,208,
3/7/2004,207,
3/11/2004,208,
3/12/2004,207,
3/17/2004,207,
3/18/2004,207,
3/21/2004,204,
3/21/2004,202,
3/21/2004,201,
3/21/2004,199,
3/21/2004,197,
3/22/2004,196,
3/23/2004,207,
3/27/2004,195,
3/27/2004,201,
3/28/2004,196,
3/31/2004,196,
4/3/2004,195,
4/4/2004,199,
4/8/2004,201,
4/8/2004,196,
4/10/2004,202,
4/12/2004,197,
4/15/2004,203,
4/16/2004,201,
4/20/2004,204,
4/21/2004,202,
4/26/2004,205,
4/27/2004,203,
4/30/2004,204,
5/2/2004,204,
5/4/2004,201,
5/6/2004,204,
5/9/2004,201,
5/10/2004,203,
5/10/2004,200,
5/14/2004,204,
5/14/2004,200,
5/18/2004,204,
5/19/2004,205,
5/24/2004,204,
5/25/2004,206,
5/29/2004,205,
5/29/2004,203,
5/29/2004,204,
5/31/2004,206,
6/3/2004,208,
6/3/2004,206,
6/5/2004,202,
6/6/2004,210,
6/7/2004,206,
6/8/2004,214,
6/8/2004,212,
6/8/2004,211,
6/11/2004,209,
6/12/2004,216,
6/14/2004,214,
6/14/2004,213,
6/15/2004,212,
6/18/2004,211,
6/19/2004,212,
6/19/2004,215,
6/22/2004,214,
6/22/2004,211,
6/26/2004,217,
6/27/2004,212,
7/1/2004,219,
7/2/2004,221,
7/3/2004,216,
7/5/2004,227,
7/5/2004,224,
7/6/2004,226,
7/8/2004,219,
7/11/2004,226,
7/12/2004,223,
7/13/2004,226,
7/17/2004,222,
7/19/2004,225,
7/22/2004,224,
7/24/2004,221,
7/27/2004,225,
7/29/2004,223,
7/31/2004,226,
8/4/2004,229,
8/4/2004,223,
8/6/2004,231,
8/8/2004,232,
8/9/2004,226,
8/11/2004,233,
8/14/2004,236,
8/14/2004,235,
8/14/2004,231,
8/16/2004,239,
8/18/2004,241,
8/18/2004,232,
8/21/2004,236,
8/22/2004,241,
8/22/2004,239,
8/24/2004,236,
8/25/2004,241,
8/26/2004,235,
8/27/2004,234,
8/29/2004,239,
8/31/2004,237,
9/2/2004,234,
9/4/2004,235,
9/4/2004,233,
9/7/2004,237,
9/8/2004,231,
9/11/2004,233,
9/12/2004,231,
9/12/2004,229,
9/14/2004,235,
9/14/2004,234,
9/15/2004,230,
9/17/2004,236,
9/19/2004,230,
9/20/2004,235,
9/21/2004,233,
9/23/2004,236,
9/26/2004,233,
9/29/2004,233,
10/2/2004,234,
10/4/2004,232,
10/7/2004,234,
10/10/2004,232,
10/12/2004,232,
10/15/2004,232,
10/18/2004,232,
10/20/2004,232,
10/23/2004,232,
10/26/2004,230,
10/28/2004,233,
10/31/2004,232,
11/1/2004,232,
11/5/2004,234,
11/5/2004,232,
11/9/2004,236,
11/11/2004,233,
11/12/2004,237,
11/14/2004,239,
11/16/2004,234,
11/18/2004,241,
11/21/2004,238,
11/22/2004,240,
11/25/2004,237,
11/26/2004,238,
11/27/2004,240,
12/2/2004,237,
12/2/2004,238,
12/4/2004,236,
12/7/2004,237,
12/10/2004,236,
12/13/2004,235,
12/15/2004,237,
12/18/2004,236,
12/20/2004,238,
12/23/2004,237,
12/24/2004,239,
12/28/2004,238,
12/29/2004,237,
1/1/2005,237,
1/1/2005,236,
1/3/2005,238,
1/5/2005,235,
1/8/2005,236,
1/9/2005,237,
1/9/2005,236,
1/13/2005,239,
1/14/2005,234,
1/18/2005,240,
1/18/2005,236,
1/20/2005,242,
1/22/2005,244,
1/22/2005,239,
1/25/2005,246,
1/27/2005,240,
1/29/2005,247,
2/2/2005,247,
2/2/2005,244,
2/5/2005,248,
2/6/2005,250,
2/7/2005,246,
2/10/2005,252,
2/12/2005,246,
2/13/2005,257,
2/13/2005,255,
2/13/2005,253,
2/15/2005,265,
2/15/2005,263,
2/15/2005,262,
2/15/2005,260,
2/15/2005,259,
2/15/2005,250,
2/18/2005,267,
2/19/2005,251,
2/21/2005,265,
2/22/2005,263,
2/22/2005,254,
2/24/2005,263,
2/24/2005,259,
2/26/2005,265,
2/27/2005,267,
3/1/2005,266,
3/3/2005,271,
3/3/2005,269,
3/3/2005,267,
3/3/2005,263,
3/6/2005,273,
3/8/2005,279,
3/8/2005,277,
3/8/2005,265,
3/9/2005,276,
3/11/2005,282,
3/12/2005,281,
3/12/2005,268,
3/14/2005,280,
3/15/2005,272,
3/16/2005,278,
3/16/2005,277,
3/18/2005,277,
3/19/2005,273,
3/20/2005,282,
3/21/2005,274,
3/24/2005,277,
3/24/2005,278,
3/27/2005,278,
3/30/2005,281,
3/30/2005,280,
3/30/2005,273,
4/3/2005,284,
4/4/2005,277,
4/7/2005,285,
4/8/2005,280,
4/9/2005,287,
4/12/2005,289,
4/12/2005,283,
4/13/2005,290,
4/17/2005,286,
4/19/2005,293,
4/23/2005,293,
4/23/2005,290,
4/27/2005,294,
4/28/2005,292,
5/1/2005,294,
5/2/2005,295,
5/3/2005,293,
5/7/2005,298,
5/8/2005,297,
5/8/2005,295,
5/8/2005,293,
5/8/2005,292,
5/8/2005,290,
5/9/2005,293,
5/10/2005,289,
5/14/2005,296,
5/15/2005,286,
5/18/2005,296,
5/18/2005,291,
5/19/2005,284,
5/19/2005,283,
5/19/2005,288,
5/22/2005,281,
5/24/2005,280,
5/24/2005,279,
5/25/2005,284,
5/27/2005,275,
5/29/2005,277,
5/30/2005,282,
6/3/2005,279,
6/3/2005,279,
6/7/2005,276,
6/8/2005,281,
6/13/2005,280,
6/13/2005,279,
6/18/2005,281,
6/19/2005,278,
6/23/2005,279,
6/24/2005,278,
6/25/2005,280,
6/29/2005,281,
6/29/2005,277,
7/3/2005,276,
7/5/2005,281,
7/7/2005,280,
7/10/2005,282,
7/11/2005,283,
7/12/2005,280,
7/15/2005,285,
7/17/2005,281,
7/18/2005,286,
7/23/2005,288,
7/23/2005,283,
7/24/2005,289,
7/27/2005,290,
7/28/2005,292,
7/28/2005,285,
7/30/2005,293,
8/2/2005,288,
8/3/2005,295,
8/4/2005,297,
8/7/2005,301,
8/7/2005,299,
8/8/2005,291,
8/11/2005,304,
8/13/2005,294,
8/15/2005,301,
8/15/2005,298,
8/16/2005,299,
8/17/2005,299,
8/21/2005,300,
8/21/2005,304,
8/25/2005,299,
8/26/2005,298,
8/28/2005,297,
8/28/2005,295,
8/31/2005,293,
8/31/2005,292,
8/31/2005,290,
9/1/2005,299,
9/6/2005,297,
9/10/2005,288,
9/11/2005,291,
9/17/2005,292,
9/21/2005,289,
9/23/2005,292,
9/27/2005,296,
10/3/2005,294,
10/8/2005,292,
10/14/2005,292,
10/19/2005,294,
10/24/2005,295,
10/30/2005,296,
11/3/2005,297,
11/5/2005,302,
11/9/2005,305,
11/15/2005,306,
11/20/2005,304,
11/24/2005,304,
11/28/2005,300,
12/3/2005,301,
12/9/2005,301,
12/14/2005,301,
12/18/2005,302,
12/22/2005,298,
12/27/2005,301,
1/2/2006,304,
1/7/2006,307,
1/8/2006,303,
1/10/2006,299,
1/15/2006,301,
1/20/2006,304,
1/26/2006,304,
1/31/2006,304,
2/5/2006,304,
2/11/2006,305,
2/15/2006,305,
2/19/2006,308,
2/24/2006,309,
2/28/2006,317,
2/28/2006,312,
3/3/2006,323,
3/4/2006,326,
3/8/2006,325,
3/11/2006,328,
3/14/2006,335,
3/14/2006,332,
3/18/2006,339,
3/22/2006,338,
3/23/2006,333,
3/28/2006,337,
4/3/2006,339,
4/8/2006,338,
4/13/2006,337,
4/19/2006,335,
4/24/2006,334,
4/28/2006,337,
5/1/2006,363,
5/1/2006,359,
5/1/2006,354,
5/1/2006,349,
5/1/2006,345,
5/1/2006,341,
5/3/2006,372,
5/5/2006,368,
5/10/2006,368,
5/11/2006,372,
5/14/2006,379,
5/14/2006,376,
5/18/2006,386,
5/23/2006,382,
5/27/2006,377,
5/29/2006,371,
6/3/2006,373,
6/4/2006,377,
6/8/2006,371,
6/14/2006,370,
6/19/2006,370,
6/25/2006,372,
6/30/2006,377,
7/4/2006,377,
7/8/2006,374,
7/13/2006,378,
7/19/2006,383,
7/24/2006,385,
7/28/2006,389,
7/31/2006,393,
8/4/2006,397,
8/8/2006,393,
8/8/2006,389,
8/9/2006,385,
8/13/2006,379,
8/13/2006,375,
8/13/2006,370,
8/13/2006,365,
8/16/2006,355,
8/17/2006,360,
8/18/2006,365,
8/21/2006,384,
8/21/2006,379,
8/21/2006,376,
8/22/2006,389,
8/26/2006,388,
8/30/2006,382,
9/5/2006,378,
9/10/2006,380,
9/15/2006,381,
9/21/2006,382,
9/25/2006,382,
9/27/2006,386,
9/29/2006,392,
10/4/2006,391,
10/8/2006,396,
10/8/2006,392,
10/12/2006,399,
10/17/2006,397,
10/23/2006,398,
10/28/2006,403,
10/31/2006,407,
11/1/2006,403,
11/3/2006,412,
11/4/2006,417,
11/7/2006,423,
11/9/2006,437,
11/9/2006,433,
11/11/2006,442,
11/12/2006,447,
11/15/2006,443,
11/19/2006,447,
11/23/2006,447,
11/25/2006,463,
11/25/2006,458,
11/25/2006,454,
11/25/2006,450,
11/28/2006,481,
11/28/2006,477,
11/28/2006,472,
11/28/2006,468,
12/1/2006,491,
12/2/2006,487,
12/3/2006,481,
12/3/2006,478,
12/7/2006,474,
12/11/2006,480,
12/14/2006,495,
12/14/2006,491,
12/14/2006,486,
12/17/2006,507,
12/17/2006,502,
12/17/2006,499,
12/19/2006,513,
12/23/2006,515,
12/25/2006,510,
12/29/2006,519,
1/2/2007,519,
1/6/2007,512,
1/8/2007,508,
1/10/2007,512,
1/10/2007,503,
1/12/2007,523,
1/12/2007,519,
1/16/2007,530,
1/22/2007,538,
1/26/2007,535,
1/26/2007,530,
1/28/2007,525,
1/31/2007,522,
2/4/2007,517,
2/4/2007,513,
2/9/2007,520,
2/15/2007,522,
2/20/2007,525,
2/24/2007,523,
2/28/2007,519,
3/6/2007,511,
3/10/2007,507,
3/10/2007,502,
3/12/2007,498,
3/12/2007,493,
3/12/2007,488,
3/12/2007,484,
3/15/2007,479,
3/15/2007,476,
3/18/2007,491,
3/18/2007,486,
3/18/2007,483,
3/19/2007,497,
3/24/2007,492,
3/30/2007,487,
3/31/2007,481,
4/3/2007,495,
4/4/2007,500,
4/5/2007,505,
4/8/2007,491,
4/9/2007,487,
4/15/2007,487,
4/16/2007,493,
4/20/2007,497,
4/25/2007,501,
4/29/2007,501,
5/2/2007,507,
5/6/2007,514,
5/11/2007,517,
5/15/2007,515,
5/18/2007,512,
5/21/2007,519,
5/21/2007,515,
5/25/2007,523,
5/30/2007,524,
6/3/2007,532,
6/3/2007,529,
6/7/2007,539,
6/8/2007,536,
6/11/2007,544,
6/14/2007,553,
6/14/2007,549,
6/16/2007,565,
6/16/2007,560,
6/16/2007,557,
6/19/2007,568,
6/20/2007,572,
6/22/2007,581,
6/22/2007,576,
6/24/2007,563,
6/26/2007,567,
6/30/2007,576,
7/1/2007,582,
7/2/2007,586,
7/6/2007,592,
7/11/2007,602,
7/11/2007,597,
7/13/2007,611,
7/13/2007,608,
7/16/2007,615,
7/19/2007,632,
7/19/2007,628,
7/19/2007,623,
7/19/2007,619,
7/21/2007,662,
7/21/2007,658,
7/21/2007,653,
7/21/2007,648,
7/21/2007,644,
7/21/2007,640,
7/25/2007,685,
7/25/2007,681,
7/25/2007,677,
7/27/2007,695,
7/28/2007,689,
7/29/2007,683,
7/29/2007,680,
8/2/2007,692,
8/4/2007,689,
8/6/2007,685,
8/9/2007,679,
8/12/2007,683,
8/14/2007,702,
8/14/2007,697,
8/14/2007,692,
8/14/2007,689,
8/17/2007,718,
8/17/2007,713,
8/17/2007,709,
8/17/2007,705,
8/21/2007,721,
8/22/2007,717,
8/25/2007,711,
8/26/2007,706,
8/30/2007,713,
8/30/2007,710,
9/2/2007,720,
9/6/2007,723,
9/10/2007,757,
9/10/2007,753,
9/10/2007,748,
9/10/2007,743,
9/10/2007,739,
9/10/2007,734,
9/13/2007,790,
9/13/2007,785,
9/13/2007,781,
9/13/2007,776,
9/13/2007,771,
9/13/2007,767,
9/15/2007,815,
9/15/2007,811,
9/15/2007,806,
9/15/2007,803,
9/18/2007,832,
9/18/2007,827,
9/19/2007,823,
9/21/2007,813,
9/22/2007,817,
9/26/2007,827,
9/26/2007,822,
9/26/2007,818,
9/29/2007,878,
9/29/2007,873,
9/29/2007,869,
9/29/2007,864,
9/29/2007,859,
9/29/2007,841,
9/29/2007,836,
9/30/2007,855,
9/30/2007,850,
9/30/2007,846,
10/4/2007,859,
10/4/2007,855,
10/4/2007,850,
10/4/2007,847,
10/7/2007,883,
10/7/2007,878,
10/7/2007,873,
10/7/2007,870,
10/11/2007,887,
10/13/2007,892,
10/15/2007,896,
10/17/2007,878,
10/17/2007,873,
10/17/2007,869,
10/17/2007,864,
10/17/2007,859,
10/17/2007,855,
10/17/2007,850,
10/19/2007,844,
10/20/2007,838,
10/23/2007,880,
10/23/2007,876,
10/23/2007,857,
10/24/2007,871,
10/24/2007,866,
10/24/2007,862,
10/29/2007,860,
11/2/2007,876,
11/2/2007,871,
11/2/2007,866,
11/2/2007,863,
11/4/2007,881,
11/5/2007,885,
11/8/2007,874,
11/9/2007,878,
11/13/2007,883,
11/16/2007,887,
11/17/2007,893,
11/19/2007,913,
11/19/2007,908,
11/19/2007,903,
11/19/2007,899,
11/21/2007,869,
11/21/2007,864,
11/21/2007,859,
11/21/2007,855,
11/23/2007,851,
11/27/2007,855,
11/29/2007,862,
12/1/2007,867,
12/5/2007,901,
12/5/2007,896,
12/5/2007,892,
12/5/2007,887,
12/5/2007,883,
12/5/2007,878,
12/7/2007,945,
12/7/2007,941,
12/7/2007,936,
12/7/2007,931,
12/7/2007,927,
12/7/2007,922,
12/7/2007,917,
12/7/2007,914,
12/10/2007,964,
12/10/2007,959,
12/10/2007,956,
12/13/2007,985,
12/13/2007,980,
12/13/2007,975,
12/13/2007,972,
12/14/2007,994,
12/14/2007,990,
12/15/2007,998,
12/18/2007,995,
12/21/2007,1031,
12/21/2007,1026,
12/21/2007,1022,
12/21/2007,1017,
12/21/2007,1012,
12/21/2007,1008,
12/21/2007,1003,
12/21/2007,1000,
12/23/2007,1056,
12/23/2007,1052,
12/23/2007,1047,
12/23/2007,1044,
12/25/2007,1061,
12/29/2007,1054,
12/31/2007,1045,
12/31/2007,1040,
12/31/2007,1036,
12/31/2007,1031,
12/31/2007,1026,
12/31/2007,1022,
12/31/2007,1017,
12/31/2007,1012,
1/3/2008,998,
1/3/2008,994,
1/3/2008,989,
1/3/2008,975,
1/3/2008,971,
1/3/2008,967,
1/4/2008,983,
1/4/2008,979,
1/8/2008,987,
1/8/2008,982,
1/8/2008,978,
1/8/2008,973,
1/8/2008,965,
1/10/2008,967,
1/11/2008,961,
1/11/2008,957,
1/14/2008,980,
1/15/2008,976,
1/16/2008,971,
1/16/2008,966,
1/16/2008,961,
1/16/2008,957,
1/16/2008,952,
1/19/2008,938,
1/19/2008,934,
1/19/2008,929,
1/19/2008,924,
1/19/2008,920,
1/19/2008,915,
1/19/2008,910,
1/19/2008,906,
1/19/2008,901,
1/19/2008,898,
1/22/2008,877,
1/23/2008,885,
1/23/2008,879,
1/24/2008,869,
1/26/2008,874,
1/27/2008,878,
1/30/2008,869,
1/30/2008,864,
1/30/2008,859,
1/30/2008,855,
1/30/2008,850,
1/30/2008,845,
1/30/2008,841,
1/30/2008,836,
2/1/2008,822,
2/1/2008,818,
2/1/2008,813,
2/4/2008,806,
2/4/2008,801,
2/4/2008,797,
2/4/2008,792,
2/4/2008,787,
2/4/2008,783,
2/4/2008,778,
2/4/2008,774,
2/4/2008,770,
2/7/2008,757,
2/7/2008,753,
2/7/2008,748,
2/7/2008,743,
2/7/2008,739,
2/7/2008,734,
2/7/2008,716,
2/7/2008,711,
2/7/2008,707,
2/8/2008,730,
2/8/2008,725,
2/8/2008,720,
2/12/2008,781,
2/12/2008,776,
2/12/2008,771,
2/12/2008,767,
2/12/2008,762,
2/12/2008,757,
2/12/2008,753,
2/12/2008,748,
2/12/2008,743,
2/15/2008,813,
2/15/2008,799,
2/15/2008,794,
2/16/2008,808,
2/16/2008,804,
2/20/2008,799,
2/20/2008,794,
2/20/2008,790,
2/20/2008,785,
2/20/2008,781,
2/20/2008,776,
2/20/2008,771,
2/20/2008,767,
2/23/2008,756,
2/24/2008,759,
2/29/2008,759,
2/29/2008,754,
3/4/2008,767,
3/4/2008,762,
3/4/2008,757,
3/6/2008,771,
3/10/2008,764,
3/10/2008,760,
3/12/2008,755,
3/12/2008,750,
3/12/2008,747,
3/15/2008,741,
3/15/2008,736,
3/18/2008,725,
3/19/2008,719,
3/19/2008,714,
3/23/2008,719,
3/26/2008,716,
3/29/2008,711,
3/29/2008,706,
3/29/2008,703,
3/31/2008,717,
4/2/2008,719,
4/3/2008,713,
4/6/2008,709,
4/6/2008,704,
4/8/2008,718,
4/8/2008,713,
4/12/2008,732,
4/12/2008,727,
4/14/2008,746,
4/14/2008,741,
4/15/2008,735,
4/15/2008,723,
4/15/2008,717,
4/16/2008,730,
4/16/2008,711,
4/16/2008,707,
4/19/2008,741,
4/22/2008,736,
4/23/2008,732,
4/26/2008,728,
4/30/2008,734,
4/30/2008,730,
5/2/2008,750,
5/2/2008,746,
5/2/2008,741,
5/5/2008,764,
5/5/2008,761,
5/6/2008,770,
5/9/2008,776,
5/10/2008,787,
5/10/2008,783,
5/13/2008,825,
5/13/2008,820,
5/13/2008,801,
5/13/2008,798,
5/14/2008,815,
5/14/2008,811,
5/14/2008,807,
5/18/2008,806,
5/18/2008,801,
5/18/2008,798,
5/21/2008,820,
5/21/2008,815,
5/21/2008,812,
5/22/2008,828,
5/22/2008,824,
5/26/2008,852,
5/26/2008,848,
5/26/2008,843,
5/26/2008,838,
5/26/2008,834,
5/26/2008,830,
5/28/2008,862,
5/28/2008,858,
5/30/2008,871,
5/30/2008,866,
6/3/2008,908,
6/3/2008,903,
6/3/2008,899,
6/3/2008,894,
6/3/2008,890,
6/3/2008,885,
6/3/2008,880,
6/5/2008,913,
6/6/2008,917,
6/8/2008,922,
6/11/2008,943,
6/11/2008,938,
6/11/2008,934,
6/11/2008,929,
6/14/2008,953,
6/16/2008,957,
6/19/2008,950,
6/19/2008,946,
6/22/2008,943,
6/22/2008,939,
6/25/2008,946,
6/26/2008,949,
6/30/2008,938,
6/30/2008,934,
7/1/2008,928,
7/1/2008,923,
7/3/2008,917,
7/3/2008,913,
7/3/2008,908,
7/3/2008,905,
7/7/2008,927,
7/8/2008,936,
7/8/2008,931,
7/11/2008,947,
7/11/2008,943,
7/13/2008,953,
7/16/2008,966,
7/16/2008,961,
7/16/2008,958,
7/19/2008,989,
7/20/2008,985,
7/20/2008,980,
7/20/2008,976,
7/22/2008,971,
7/24/2008,966,
7/24/2008,963,
7/27/2008,975,
7/27/2008,971,
7/28/2008,981,
7/30/2008,1005,
7/30/2008,1001,
7/30/2008,996,
7/30/2008,992,
7/30/2008,987,
8/1/2008,1022,
8/1/2008,1017,
8/1/2008,1014,
8/4/2008,1052,
8/4/2008,1047,
8/4/2008,1043,
8/4/2008,1038,
8/4/2008,1033,
8/4/2008,1029,
8/7/2008,1107,
8/7/2008,1103,
8/7/2008,1098,
8/7/2008,1094,
8/7/2008,1089,
8/7/2008,1084,
8/7/2008,1080,
8/7/2008,1075,
8/7/2008,1070,
8/7/2008,1066,
8/9/2008,1126,
8/9/2008,1121,
8/9/2008,1117,
8/9/2008,1113,
8/12/2008,1107,
8/12/2008,1103,
8/12/2008,1098,
8/12/2008,1094,
8/12/2008,1080,
8/12/2008,1075,
8/13/2008,1088,
8/13/2008,1083,
8/19/2008,1080,
8/20/2008,1073,
8/24/2008,1062,
8/24/2008,1058,
8/28/2008,1070,
8/28/2008,1066,
8/31/2008,1094,
8/31/2008,1089,
8/31/2008,1084,
8/31/2008,1081,
9/2/2008,1172,
9/2/2008,1168,
9/2/2008,1163,
9/2/2008,1158,
9/2/2008,1154,
9/2/2008,1149,
9/2/2008,1121,
9/2/2008,1117,
9/2/2008,1112,
9/2/2008,1109,
9/4/2008,1145,
9/4/2008,1140,
9/4/2008,1135,
9/4/2008,1131,
9/4/2008,1126,
9/8/2008,1110,
9/8/2008,1105,
9/8/2008,1101,
9/8/2008,1096,
9/8/2008,1091,
9/8/2008,1087,
9/8/2008,1082,
9/8/2008,1077,
9/8/2008,1073,
9/9/2008,1068,
9/9/2008,1064,
9/13/2008,1059,
9/13/2008,1055,
9/16/2008,1052,
9/16/2008,1047,
9/16/2008,1043,
9/16/2008,1038,
9/16/2008,1033,
9/16/2008,1030,
9/18/2008,1026,
9/18/2008,1022,
9/18/2008,1017,
9/18/2008,1012,
9/18/2008,1008,
9/18/2008,1003,
9/18/2008,998,
9/18/2008,994,
9/18/2008,990,
9/21/2008,975,
9/22/2008,981,
9/24/2008,1003,
9/24/2008,998,
9/24/2008,994,
9/24/2008,989,
9/25/2008,985,
9/26/2008,980,
9/26/2008,975,
9/26/2008,971,
9/26/2008,966,
9/26/2008,961,
9/26/2008,957,
9/28/2008,951,
9/30/2008,944,
10/2/2008,939,
10/4/2008,964,
10/4/2008,959,
10/4/2008,954,
10/4/2008,950,
10/8/2008,970,
10/8/2008,966,
10/12/2008,959,
10/12/2008,954,
10/12/2008,950,
10/12/2008,945,
10/12/2008,941,
10/12/2008,937,
10/15/2008,931,
10/15/2008,927,
10/15/2008,922,
10/15/2008,917,
10/15/2008,914,
10/18/2008,900,
10/19/2008,904,
10/22/2008,913,
10/22/2008,908,
10/23/2008,917,
10/26/2008,890,
10/26/2008,885,
10/26/2008,880,
10/26/2008,876,
10/26/2008,872,
10/28/2008,859,
10/28/2008,855,
10/28/2008,850,
10/31/2008,845,
10/31/2008,841,
10/31/2008,836,
10/31/2008,832,
10/31/2008,827,
11/3/2008,815,
11/3/2008,811,
11/3/2008,792,
11/3/2008,787,
11/3/2008,783,
11/3/2008,779,
11/4/2008,805,
11/4/2008,800,
11/4/2008,796,
11/8/2008,813,
11/8/2008,808,
11/8/2008,804,
11/11/2008,794,
11/11/2008,790,
11/11/2008,785,
11/11/2008,781,
11/11/2008,772,
11/12/2008,775,
11/16/2008,774,
11/16/2008,769,
11/16/2008,765,
11/19/2008,755,
11/19/2008,750,
11/19/2008,746,
11/19/2008,741,
11/19/2008,736,
11/19/2008,732,
11/19/2008,727,
11/19/2008,723,
11/19/2008,719,
11/21/2008,713,
11/21/2008,709,
11/21/2008,704,
11/21/2008,699,
11/24/2008,734,
11/24/2008,730,
11/24/2008,725,
11/24/2008,720,
11/27/2008,764,
11/27/2008,755,
11/27/2008,750,
11/27/2008,746,
11/28/2008,760,
12/4/2008,754,
12/5/2008,748,
12/8/2008,742,
12/10/2008,739,
12/13/2008,734,
12/14/2008,728,
12/16/2008,723,
12/16/2008,718,
12/18/2008,709,
12/18/2008,705,
12/23/2008,702,
12/26/2008,699,
12/29/2008,695,
1/1/2009,690,
1/1/2009,687,
1/3/2009,681,
1/6/2009,674,
1/6/2009,669,
1/6/2009,665,
1/9/2009,658,
1/11/2009,651,
1/14/2009,646,
1/17/2009,641,
1/17/2009,637,
1/17/2009,632,
1/17/2009,628,
1/17/2009,619,
1/18/2009,622,
1/19/2009,616,
1/19/2009,611,
1/19/2009,608,
1/22/2009,637,
1/22/2009,633,
1/23/2009,640,
1/24/2009,646,
1/25/2009,658,
1/25/2009,653,
1/27/2009,637,
1/30/2009,644,
1/30/2009,640,
2/2/2009,660,
2/2/2009,655,
2/2/2009,651,
2/3/2009,668,
2/3/2009,664,
2/7/2009,665,
2/10/2009,669,
2/12/2009,690,
2/12/2009,685,
2/12/2009,681,
2/12/2009,676,
2/12/2009,673,
2/15/2009,702,
2/16/2009,697,
2/18/2009,692,
2/20/2009,681,
2/22/2009,675,
2/26/2009,673,
3/2/2009,670,
3/7/2009,668,
3/12/2009,666,
3/14/2009,669,
3/16/2009,681,
3/18/2009,676,
3/19/2009,673,
3/22/2009,669,
3/23/2009,665,
3/28/2009,662,
4/3/2009,660,
4/8/2009,661,
4/14/2009,658,
4/18/2009,653,
4/20/2009,648,
4/20/2009,639,
4/22/2009,643,
4/26/2009,646,
4/27/2009,640,
5/1/2009,648,
5/1/2009,645,
5/4/2009,654,
5/5/2009,658,
5/11/2009,660,
5/12/2009,667,
5/14/2009,675,
5/16/2009,678,
5/20/2009,690,
5/20/2009,685,
5/20/2009,681,
5/20/2009,676,
5/22/2009,704,
5/22/2009,699,
5/22/2009,696,
5/25/2009,739,
5/25/2009,734,
5/25/2009,730,
5/26/2009,724,
5/26/2009,719,
5/26/2009,714,
5/26/2009,710,
5/28/2009,705,
5/30/2009,702,
6/1/2009,698,
6/5/2009,697,
6/5/2009,692,
6/5/2009,688,
6/6/2009,684,
6/7/2009,680,
6/11/2009,684,
6/14/2009,679,
6/19/2009,681,
6/22/2009,677,
6/25/2009,671,
6/29/2009,669,
6/29/2009,666,
7/3/2009,662,
7/4/2009,667,
7/7/2009,672,
7/9/2009,685,
7/9/2009,681,
7/9/2009,676,
7/12/2009,704,
7/12/2009,699,
7/12/2009,695,
7/15/2009,711,
7/15/2009,707,
7/17/2009,730,
7/17/2009,725,
7/17/2009,720,
7/17/2009,716,
7/19/2009,743,
7/19/2009,739,
7/19/2009,735,
7/20/2009,748,
7/23/2009,734,
7/27/2009,737,
7/28/2009,723,
7/28/2009,718,
7/28/2009,713,
7/28/2009,709,
7/29/2009,731,
7/29/2009,726,
8/2/2009,727,
8/2/2009,723,
8/2/2009,719,
8/5/2009,713,
8/5/2009,709,
8/5/2009,704,
8/8/2009,698,
8/12/2009,693,
8/13/2009,697,
8/13/2009,689,
8/16/2009,720,
8/16/2009,711,
8/16/2009,707,
8/17/2009,716,
8/21/2009,714,
8/24/2009,709,
8/24/2009,704,
8/24/2009,699,
8/27/2009,692,
8/27/2009,688,
8/29/2009,677,
8/31/2009,680,
9/1/2009,674,
9/1/2009,669,
9/5/2009,659,
9/8/2009,655,
9/9/2009,660,
9/9/2009,651,
9/12/2009,637,
9/12/2009,632,
9/12/2009,628,
9/12/2009,623,
9/12/2009,618,
9/14/2009,614,
9/17/2009,625,
9/17/2009,621,
9/17/2009,617,
9/21/2009,628,
9/25/2009,626,
9/26/2009,630,
10/2/2009,634,
10/3/2009,630,
10/3/2009,625,
10/3/2009,621,
10/3/2009,616,
10/3/2009,611,
10/6/2009,607,
10/6/2009,603,
10/10/2009,599,
10/14/2009,607,
10/14/2009,599,
10/15/2009,602,
10/19/2009,599,
10/22/2009,593,
10/22/2009,589,
10/24/2009,586,
10/24/2009,581,
10/24/2009,576,
10/28/2009,567,
10/30/2009,572,
11/1/2009,579,
11/3/2009,585,
11/7/2009,581,
11/9/2009,574,
11/9/2009,570,
11/11/2009,565,
11/13/2009,561,
11/19/2009,561,
11/20/2009,556,
11/20/2009,551,
11/20/2009,548,
11/23/2009,543,
11/25/2009,539,
11/25/2009,535,
11/28/2009,528,
11/28/2009,523,
11/29/2009,519,
12/3/2009,523,
12/3/2009,519,
12/6/2009,537,
12/6/2009,532,
12/6/2009,529,
12/9/2009,546,
12/9/2009,543,
12/12/2009,553,
12/13/2009,549,
12/14/2009,544,
12/16/2009,539,
12/20/2009,537,
12/22/2009,541,
12/26/2009,545,
1/1/2010,545,
1/2/2010,541,
1/6/2010,536,
1/11/2010,532,
1/15/2010,529,
1/18/2010,525,
1/21/2010,521,
1/25/2010,516,
1/30/2010,513,
2/3/2010,509,
2/6/2010,505,
2/8/2010,500,
2/11/2010,495,
2/12/2010,491,
2/12/2010,486,
2/14/2010,481,
2/14/2010,477,
2/16/2010,495,
2/19/2010,491,
2/20/2010,486,
2/24/2010,505,
2/24/2010,500,
2/24/2010,495,
2/27/2010,514,
2/28/2010,510,
3/2/2010,505,
3/4/2010,498,
3/4/2010,493,
3/4/2010,490,
3/7/2010,485,
3/10/2010,480,
3/12/2010,477,
3/15/2010,471,
3/18/2010,468,
3/18/2010,464,
3/20/2010,461,
3/20/2010,456,
3/20/2010,451,
3/25/2010,445,
3/27/2010,452,
3/28/2010,456,
3/31/2010,449,
4/1/2010,445,
4/7/2010,443,
4/9/2010,446,
4/13/2010,440,
4/13/2010,435,
4/16/2010,428,
4/16/2010,425,
4/19/2010,421,
4/23/2010,417,
4/23/2010,412,
4/23/2010,407,
4/24/2010,404,
4/27/2010,414,
4/30/2010,433,
4/30/2010,428,
4/30/2010,423,
4/30/2010,419,
5/2/2010,454,
5/2/2010,449,
5/4/2010,444,
5/4/2010,440,
5/8/2010,447,
5/10/2010,456,
5/10/2010,452,
5/12/2010,461,
5/13/2010,465,
5/16/2010,476,
5/17/2010,479,
5/18/2010,505,
5/18/2010,500,
5/20/2010,494,
5/20/2010,490,
5/20/2010,485,
5/22/2010,480,
5/28/2010,479,
6/2/2010,484,
6/3/2010,480,
6/7/2010,474,
6/11/2010,473,
6/14/2010,469,
6/17/2010,465,
6/18/2010,461,
6/22/2010,458,
6/22/2010,455,
6/25/2010,468,
6/26/2010,462,
6/27/2010,471,
6/30/2010,462,
6/30/2010,464,
7/3/2010,458,
7/6/2010,463,
7/7/2010,463,
7/10/2010,468,
7/11/2010,474,
7/12/2010,461,
7/13/2010,468,
7/16/2010,471,
7/18/2010,459,
7/19/2010,468,
7/19/2010,464,
7/23/2010,460,
7/24/2010,457,
7/28/2010,461,
7/28/2010,452,
7/31/2010,444,
7/31/2010,439,
8/2/2010,459,
8/5/2010,434,
8/8/2010,455,
8/9/2010,429,
8/13/2010,452,
8/14/2010,447,
8/14/2010,423,
8/17/2010,440,
8/18/2010,415,
8/21/2010,430,
8/22/2010,422,
8/25/2010,426,
8/26/2010,414,
8/29/2010,419,
9/1/2010,414,
9/1/2010,410,
9/1/2010,407,
9/5/2010,419,
9/7/2010,405,
9/8/2010,414,
9/10/2010,410,
9/13/2010,406,
9/13/2010,407,
9/17/2010,403,
9/18/2010,399,
9/19/2010,405,
9/22/2010,404,
9/24/2010,407,
9/27/2010,412,
9/28/2010,401,
9/28/2010,419,
10/3/2010,404,
10/5/2010,424,
10/7/2010,414,
10/7/2010,411,
10/11/2010,419,
10/11/2010,427,
10/15/2010,420,
10/17/2010,426,
10/19/2010,425,
10/23/2010,425,
10/24/2010,423,
10/29/2010,427,
10/30/2010,422,
11/4/2010,423,
11/4/2010,426,
11/9/2010,423,
11/10/2010,422,
11/13/2010,422,
11/16/2010,420,
11/17/2010,418,
11/21/2010,418,
11/22/2010,414,
11/24/2010,414,
11/27/2010,410,
11/28/2010,406,
11/29/2010,405,
12/1/2010,401,
12/4/2010,399,
12/5/2010,398,
12/9/2010,393,
12/10/2010,395,
12/14/2010,390,
12/16/2010,395,
12/18/2010,394,
12/21/2010,400,
12/21/2010,401,
12/22/2010,405,
12/22/2010,407,
12/26/2010,404,
12/28/2010,403,
12/30/2010,399,
1/3/2011,401,
1/5/2011,399,
1/10/2011,400,
1/10/2011,401,
1/15/2011,403,
1/16/2011,405,
1/21/2011,407,
1/22/2011,407,
1/26/2011,408,
1/28/2011,412,
1/30/2011,412,
2/2/2011,407,
2/3/2011,412,
2/6/2011,404,
2/9/2011,409,
2/11/2011,404,
2/15/2011,404,
2/15/2011,405,
2/19/2011,398,
2/21/2011,408,
2/24/2011,390,
2/27/2011,403,
3/2/2011,392,
3/5/2011,395,
3/6/2011,388,
3/8/2011,382,
3/10/2011,377,
3/10/2011,397,
3/14/2011,391,
3/15/2011,378,
3/19/2011,376,
3/19/2011,379,
3/20/2011,382,
3/22/2011,370,
3/22/2011,365,
3/22/2011,362,
3/26/2011,359,
3/26/2011,381,
3/28/2011,364,
3/31/2011,379,
4/3/2011,365,
4/3/2011,373,
4/3/2011,367,
4/7/2011,370,
4/7/2011,360,
4/8/2011,366,
4/10/2011,366,
4/12/2011,364,
4/15/2011,359,
4/17/2011,354,
4/17/2011,367,
4/20/2011,349,
4/21/2011,367,
4/23/2011,345,
4/23/2011,372,
4/27/2011,339,
4/27/2011,367,
5/1/2011,339,
5/2/2011,361,
5/5/2011,345,
5/6/2011,352,
5/9/2011,349,
5/9/2011,347,
5/13/2011,344,
5/14/2011,341,
5/18/2011,342,
5/20/2011,343,
5/22/2011,340,
5/24/2011,335,
5/26/2011,350,
5/28/2011,331,
5/28/2011,327,
6/1/2011,347,
6/7/2011,345,
6/12/2011,343,
6/13/2011,337,
6/18/2011,335,
6/18/2011,330,
6/21/2011,324,
6/22/2011,317,
6/27/2011,309,
7/1/2011,300,
7/6/2011,324,
7/6/2011,317,
7/6/2011,309,
7/6/2011,304,
7/9/2011,350,
7/9/2011,343,
7/9/2011,335,
7/9/2011,330,
7/12/2011,365,
7/12/2011,358,
7/15/2011,350,
7/15/2011,343,
7/15/2011,330,
7/16/2011,335,
7/21/2011,335,
7/26/2011,342,
8/1/2011,350,
8/5/2011,365,
8/5/2011,360,
8/8/2011,371,
8/10/2011,376,
8/14/2011,380,
8/14/2011,375,
8/17/2011,369,
8/19/2011,363,
8/23/2011,365,
8/28/2011,359,
9/1/2011,360,
9/6/2011,352,
9/12/2011,356,
9/18/2011,353,
9/23/2011,352,
9/26/2011,347,
9/27/2011,340,
10/3/2011,341,
10/9/2011,332,
10/14/2011,328,
10/18/2011,322,
10/23/2011,320,
10/26/2011,328,
10/30/2011,334,
11/6/2011,334,
11/12/2011,335,
11/18/2011,332,
11/24/2011,330,
11/30/2011,332,
12/1/2011,339,
12/3/2011,345,
12/9/2011,335,
12/15/2011,332,
12/21/2011,329,
12/27/2011,327,
1/2/2012,326,
1/8/2012,325,
1/14/2012,322,
1/20/2012,318,
1/26/2012,317,
2/1/2012,315,
2/7/2012,316,
2/14/2012,325,
2/20/2012,322,
2/26/2012,323,
3/3/2012,322,
3/9/2012,320,
3/15/2012,319,
3/21/2012,317,
3/27/2012,315,
4/2/2012,315,
4/8/2012,315,
4/14/2012,317,
4/20/2012,319,
4/26/2012,317,
5/1/2012,313,
5/5/2012,304,
5/11/2012,305,
5/17/2012,302,
5/24/2012,304,
5/30/2012,305,
6/3/2012,313,
6/6/2012,332,
6/6/2012,324,
6/6/2012,319,
6/8/2012,339,
6/12/2012,347,
6/15/2012,373,
6/15/2012,365,
6/15/2012,358,
6/18/2012,414,
6/18/2012,407,
6/18/2012,399,
6/18/2012,392,
6/18/2012,386,
6/23/2012,424,
6/24/2012,401,
6/26/2012,412,
6/26/2012,405,
6/27/2012,395,
6/27/2012,388,
7/2/2012,429,
7/2/2012,422,
7/6/2012,410,
7/6/2012,403,
7/8/2012,395,
7/8/2012,389,
7/10/2012,380,
7/10/2012,375,
7/14/2012,410,
7/17/2012,416,
7/19/2012,407,
7/19/2012,401,
7/22/2012,392,
7/22/2012,386,
7/25/2012,414,
7/25/2012,407,
7/26/2012,399,
7/28/2012,392,
7/28/2012,384,
7/29/2012,377,
8/3/2012,392,
8/3/2012,384,
8/6/2012,367,
8/7/2012,372,
8/13/2012,368,
8/19/2012,365,
8/24/2012,364,
8/27/2012,369,
8/29/2012,375,
9/4/2012,376,
9/10/2012,377,
9/14/2012,380,
9/19/2012,386,
9/25/2012,389,
9/29/2012,397,
10/4/2012,408,
10/8/2012,405,
10/13/2012,401,
10/19/2012,405,
10/25/2012,402,
10/31/2012,397,
11/6/2012,399,
11/11/2012,399,
11/12/2012,408,
11/18/2012,410,
11/24/2012,410,
11/29/2012,409,
12/3/2012,418,
12/10/2012,425,
12/14/2012,422,
12/16/2012,416,
12/22/2012,416,
12/28/2012,420,
1/1/2013,424,
1/3/2013,428,
1/9/2013,427,
1/13/2013,427,
1/16/2013,440,
1/16/2013,435,
1/19/2013,446,
1/21/2013,452,
1/26/2013,461,
1/29/2013,467,
1/30/2013,475,
2/2/2013,484,
2/7/2013,493,
2/8/2013,500,
2/14/2013,497,
2/19/2013,493,
2/23/2013,486,
2/26/2013,494,
2/28/2013,500,
3/4/2013,491,
3/9/2013,500,
3/9/2013,495,
3/12/2013,506,
3/13/2013,513,
3/20/2013,521,
3/21/2013,530,
3/26/2013,539,
4/1/2013,534,
4/7/2013,530,
4/13/2013,532,
4/17/2013,527,
4/19/2013,519,
4/20/2013,512,
4/23/2013,523,
4/28/2013,517,
5/4/2013,515,
5/10/2013,515,
5/15/2013,519,
5/15/2013,514,
5/18/2013,529,
5/19/2013,534,
5/21/2013,557,
5/21/2013,542,
5/22/2013,549,
5/28/2013,545,
5/28/2013,540,
6/3/2013,545,
6/9/2013,542,
6/16/2013,542,
6/20/2013,549,
6/23/2013,538,
6/25/2013,531,
6/29/2013,521,
7/1/2013,526,
7/5/2013,521,
7/8/2013,515,
7/13/2013,520,
7/16/2013,515,
7/22/2013,523,
7/28/2013,521,
8/1/2013,506,
8/3/2013,511,
8/9/2013,503,
8/15/2013,491,
8/18/2013,485,
8/23/2013,485,
8/27/2013,493,
9/2/2013,500,
9/8/2013,500,
9/14/2013,502,
9/20/2013,500,
9/26/2013,499,
10/3/2013,497,
10/9/2013,493,
10/15/2013,490,
10/21/2013,497,
10/27/2013,495,
10/31/2013,495,
11/5/2013,505,
11/11/2013,512,
11/14/2013,517,
11/19/2013,527,
11/19/2013,521,
11/20/2013,535,
11/26/2013,533,
12/1/2013,540,
12/2/2013,546,
12/8/2013,545,
12/14/2013,542,
12/20/2013,539,
12/26/2013,544,
12/29/2013,549,
1/4/2014,553,
1/11/2014,550,
1/17/2014,554,
1/20/2014,549,
1/26/2014,553,
1/30/2014,549,
2/1/2014,542,
2/7/2014,544,
2/13/2014,544,
2/17/2014,553,
2/17/2014,547,
2/22/2014,560,
2/27/2014,575,
2/27/2014,570,
3/2/2014,581,
3/3/2014,586,
3/9/2014,580,
3/15/2014,579,
3/21/2014,582,
3/26/2014,590,
3/27/2014,600,
3/29/2014,609,
4/1/2014,658,
4/1/2014,643,
4/1/2014,635,
4/1/2014,628,
4/2/2014,650,
4/9/2014,650,
4/13/2014,665,
4/13/2014,660,
4/16/2014,699,
4/16/2014,692,
4/16/2014,684,
4/16/2014,677,
4/21/2014,706,
4/25/2014,710,
4/25/2014,703,
4/28/2014,744,
4/28/2014,737,
4/28/2014,729,
4/28/2014,722,
4/28/2014,716,
5/1/2014,770,
5/1/2014,763,
5/3/2014,756,
5/4/2014,742,
5/6/2014,750,
5/9/2014,759,
5/10/2014,754,
5/15/2014,767,
5/19/2014,782,
5/19/2014,776,
5/24/2014,787,
5/25/2014,793,
5/28/2014,808,
5/28/2014,802,
6/2/2014,818,
6/7/2014,827,
6/11/2014,835,
6/17/2014,847,
6/23/2014,858,
6/28/2014,866,
6/29/2014,873,
7/5/2014,877,
7/12/2014,887,
7/16/2014,902,
7/16/2014,896,
7/19/2014,913,
7/22/2014,919,
7/25/2014,932,
7/25/2014,926,
7/28/2014,939,
8/2/2014,950,
8/5/2014,960,
8/11/2014,967,
8/15/2014,980,
8/15/2014,973,
8/17/2014,987,
8/23/2014,984,
8/27/2014,984,
8/30/2014,990,
9/2/2014,984,
9/2/2014,979,
9/7/2014,972,
9/11/2014,971,
9/13/2014,977,
9/16/2014,983,
9/21/2014,982,
9/22/2014,987,
9/27/2014,979,
9/30/2014,969,
10/1/2014,963,
10/6/2014,965,
10/10/2014,955,
10/16/2014,943,
10/22/2014,941,
10/25/2014,935,
10/30/2014,939,
11/4/2014,950,
11/8/2014,950,
11/10/2014,945,
11/14/2014,943,
11/17/2014,935,
11/17/2014,930,
11/20/2014,917,
11/20/2014,909,
11/20/2014,902,
11/20/2014,894,
11/20/2014,887,
11/20/2014,879,
11/23/2014,864,
11/23/2014,857,
11/25/2014,849,
11/25/2014,843,
11/29/2014,894,
11/29/2014,887,
11/29/2014,879,
11/29/2014,872,
11/29/2014,866,
12/2/2014,917,
12/2/2014,909,
12/2/2014,902,
12/4/2014,925,
12/8/2014,943,
12/8/2014,935,
12/10/2014,951,
12/11/2014,965,
12/11/2014,958,
12/14/2014,939,
12/19/2014,931,
12/24/2014,919,
12/25/2014,923,
12/31/2014,930,
1/2/2015,939,
1/6/2015,947,
1/12/2015,938,
1/18/2015,944,
1/24/2015,947,
1/26/2015,954,
1/29/2015,973,
1/29/2015,965,
1/29/2015,960,
2/1/2015,1052,
2/1/2015,1037,
2/1/2015,1029,
2/1/2015,1022,
2/1/2015,1014,
2/1/2015,1007,
2/1/2015,999,
2/1/2015,994,
2/2/2015,1044,
2/7/2015,1024,
2/9/2015,1030,
2/15/2015,1032,
2/19/2015,1067,
2/19/2015,1059,
2/19/2015,1052,
2/19/2015,1044,
2/19/2015,1039,
2/24/2015,1080,
2/28/2015,1123,
2/28/2015,1116,
2/28/2015,1108,
2/28/2015,1101,
2/28/2015,1093,
2/28/2015,1085,
3/3/2015,1149,
3/3/2015,1144,
3/5/2015,1159,
3/6/2015,1176,
3/6/2015,1168,
3/8/2015,1191,
3/8/2015,1184,
3/9/2015,1198,
3/14/2015,1180,
3/18/2015,1198,
3/20/2015,1191,
3/20/2015,1184,
3/21/2015,1176,
3/26/2015,1170,
3/30/2015,1179,
3/30/2015,1172,
4/4/2015,1204,
4/4/2015,1196,
4/6/2015,1164,
4/6/2015,1157,
4/7/2015,1185,
4/7/2015,1177,
4/7/2015,1171,
4/12/2015,1159,
4/13/2015,1165,
4/16/2015,1170,
4/17/2015,1179,
4/22/2015,1161,
4/22/2015,1154,
4/27/2015,1146,
4/28/2015,1136,
5/1/2015,1127,
5/1/2015,1120,
5/6/2015,1101,
5/6/2015,1085,
5/7/2015,1091,
5/13/2015,1090,
5/18/2015,1089,
5/23/2015,1105,
5/29/2015,1095,
5/30/2015,1085,
5/30/2015,1072,
6/1/2015,1076,
6/5/2015,1067,
6/5/2015,1059,
6/5/2015,1054,
6/8/2015,1025,
6/10/2015,1046,
6/10/2015,1039,
6/10/2015,1032,
6/14/2015,1067,
6/14/2015,1059,
6/17/2015,1101,
6/17/2015,1093,
6/17/2015,1085,
6/17/2015,1078,
6/17/2015,1072,
6/22/2015,1108,
6/23/2015,1116,
6/25/2015,1121,
7/1/2015,1120,
7/5/2015,1119,
7/5/2015,1112,
7/8/2015,1131,
7/10/2015,1136,
7/16/2015,1135,
7/18/2015,1142,
7/22/2015,1154,
7/26/2015,1161,
7/27/2015,1149,
7/30/2015,1166,
8/2/2015,1172,
8/5/2015,1194,
8/5/2015,1187,
8/5/2015,1181,
8/8/2015,1209,
8/8/2015,1204,
8/12/2015,1214,
8/18/2015,1220,
8/23/2015,1217,
8/26/2015,1236,
8/26/2015,1228,
8/26/2015,1222,
8/31/2015,1241,
9/1/2015,1254,
9/1/2015,1247,
9/6/2015,1263,
9/12/2015,1259,
9/13/2015,1266,
9/18/2015,1277,
9/19/2015,1292,
9/21/2015,1284,
9/24/2015,1281,
9/28/2015,1282,
10/1/2015,1296,
10/1/2015,1290,
10/4/2015,1307,
10/4/2015,1301,
10/9/2015,1318,
10/12/2015,1312,
10/13/2015,1318,
10/16/2015,1329,
10/16/2015,1324,
10/20/2015,1341,
10/23/2015,1359,
10/23/2015,1352,
10/23/2015,1346,
10/27/2015,1374,
10/29/2015,1369,
11/2/2015,1352,
11/3/2015,1359,
11/8/2015,1375,
11/11/2015,1383,
11/13/2015,1389,
11/16/2015,1404,
11/19/2015,1427,
11/19/2015,1419,
11/19/2015,1412,
11/22/2015,1432,
11/23/2015,1440,
11/29/2015,1459,
11/29/2015,1452,
12/4/2015,1466,
12/7/2015,1472,
12/10/2015,1464,
12/13/2015,1479,
12/13/2015,1472,
12/18/2015,1483,
12/22/2015,1476,
12/22/2015,1468,
12/25/2015,1487,
12/25/2015,1481,
12/28/2015,1498,
12/28/2015,1492,
12/31/2015,1528,
12/31/2015,1521,
12/31/2015,1513,
12/31/2015,1507,
1/3/2016,1543,
1/3/2016,1536,
1/6/2016,1522,
1/8/2016,1526,
1/12/2016,1528,
1/15/2016,1507,
1/17/2016,1519,
1/17/2016,1511,
1/18/2016,1502,
1/18/2016,1494,
1/18/2016,1487,
1/18/2016,1481,
1/21/2016,1551,
1/21/2016,1543,
1/21/2016,1536,
1/21/2016,1528,
1/24/2016,1573,
1/24/2016,1566,
1/24/2016,1560,
1/28/2016,1607,
1/28/2016,1599,
1/28/2016,1592,
1/31/2016,1622,
1/31/2016,1614,
2/3/2016,1629,
2/6/2016,1616,
2/7/2016,1624,
2/9/2016,1648,
2/9/2016,1641,
2/9/2016,1633,
2/12/2016,1667,
2/12/2016,1661,
2/15/2016,1719,
2/15/2016,1712,
2/15/2016,1704,
2/15/2016,1697,
2/15/2016,1689,
2/15/2016,1682,
2/19/2016,1723,
2/25/2016,1716,
3/1/2016,1719,
3/1/2016,1712,
3/1/2016,1704,
3/1/2016,1699,
3/5/2016,1693,
3/7/2016,1723,
3/7/2016,1716,
3/7/2016,1708,
3/7/2016,1701,
3/10/2016,1787,
3/10/2016,1779,
3/10/2016,1772,
3/10/2016,1764,
3/10/2016,1757,
3/10/2016,1749,
3/10/2016,1742,
3/10/2016,1736,
3/15/2016,1798,
3/15/2016,1791,
3/16/2016,1806,
3/16/2016,1785,
3/19/2016,1866,
3/19/2016,1858,
3/19/2016,1851,
3/19/2016,1843,
3/19/2016,1836,
3/19/2016,1828,
3/24/2016,1877,
3/25/2016,1869,
3/25/2016,1862,
3/25/2016,1856,
3/28/2016,1847,
3/28/2016,1839,
3/28/2016,1832,
3/28/2016,1824,
3/31/2016,1813,
3/31/2016,1806,
3/31/2016,1800,
4/3/2016,1779,
4/3/2016,1772,
4/5/2016,1762,
4/5/2016,1755,
4/5/2016,1747,
4/5/2016,1740,
4/5/2016,1732,
4/6/2016,1723,
4/6/2016,1716,
4/6/2016,1708,
4/6/2016,1701,
4/6/2016,1693,
4/6/2016,1686,
4/6/2016,1678,
4/9/2016,1776,
4/9/2016,1768,
4/9/2016,1762,
4/12/2016,1742,
4/12/2016,1734,
4/12/2016,1727,
4/14/2016,1720,
4/15/2016,1704,
4/15/2016,1697,
4/17/2016,1712,
4/18/2016,1731,
4/18/2016,1723,
4/23/2016,1693,
4/23/2016,1686,
4/24/2016,1731,
4/24/2016,1723,
4/24/2016,1716,
4/24/2016,1708,
4/24/2016,1701,
4/24/2016,1680,
4/27/2016,1772,
4/27/2016,1764,
4/27/2016,1757,
4/27/2016,1749,
4/27/2016,1744,
4/30/2016,1787,
4/30/2016,1781,
5/4/2016,1806,
5/4/2016,1798,
5/7/2016,1828,
5/7/2016,1821,
5/7/2016,1815,
5/8/2016,1834,
5/13/2016,1824,
5/17/2016,1815,
5/19/2016,1806,
5/19/2016,1800,
5/22/2016,1787,
5/25/2016,1776,
5/25/2016,1768,
5/25/2016,1761,
5/26/2016,1754,
5/28/2016,1746,
5/28/2016,1738,
5/28/2016,1731,
6/2/2016,1751,
6/6/2016,1783,
6/6/2016,1776,
6/6/2016,1768,
6/6/2016,1761,
6/9/2016,1798,
6/9/2016,1792,
6/12/2016,1817,
6/12/2016,1804,
6/13/2016,1807,
6/15/2016,1798,
6/16/2016,1792,
6/21/2016,1791,
6/24/2016,1783,
6/24/2016,1776,
6/24/2016,1768,
6/24/2016,1762,
6/27/2016,1753,
7/2/2016,1760,
7/3/2016,1753,
7/3/2016,1746,
7/3/2016,1740,
7/6/2016,1731,
7/6/2016,1723,
7/6/2016,1716,
7/6/2016,1708,
7/6/2016,1701,
7/8/2016,1695,
7/12/2016,1699,
7/14/2016,1702,
7/15/2016,1693,
7/15/2016,1687,
7/18/2016,1667,
7/18/2016,1659,
7/18/2016,1652,
7/18/2016,1644,
7/18/2016,1639,
7/21/2016,1614,
7/21/2016,1607,
7/21/2016,1599,
7/24/2016,1588,
7/24/2016,1581,
7/24/2016,1573,
7/24/2016,1566,
7/24/2016,1558,
7/24/2016,1551,
7/24/2016,1543,
7/27/2016,1532,
7/29/2016,1524,
7/29/2016,1517,
7/29/2016,1510,
7/30/2016,1502,
7/30/2016,1494,
7/30/2016,1487,
7/30/2016,1479,
7/30/2016,1472,
8/2/2016,1607,
8/2/2016,1554,
8/2/2016,1547,
8/2/2016,1541,
8/4/2016,1599,
8/4/2016,1592,
8/4/2016,1584,
8/4/2016,1577,
8/4/2016,1569,
8/4/2016,1563,
8/8/2016,1545,
8/10/2016,1551,
8/15/2016,1543,
8/15/2016,1536,
8/15/2016,1528,
8/15/2016,1521,
8/18/2016,1509,
8/22/2016,1528,
8/22/2016,1521,
8/22/2016,1514,
8/27/2016,1498,
8/27/2016,1491,
8/30/2016,1476,
8/30/2016,1468,
8/30/2016,1462,
9/2/2016,1442,
9/2/2016,1434,
9/2/2016,1427,
9/2/2016,1406,
9/3/2016,1419,
9/3/2016,1413,
9/8/2016,1453,
9/8/2016,1446,
9/8/2016,1438,
9/9/2016,1459,
9/10/2016,1468,
9/11/2016,1479,
9/14/2016,1457,
9/17/2016,1449,
9/20/2016,1468,
9/20/2016,1461,
9/20/2016,1455,
9/21/2016,1477,
9/26/2016,1476,
9/29/2016,1468,
10/1/2016,1462,
10/5/2016,1464,
10/8/2016,1457,
10/8/2016,1449,
10/8/2016,1442,
10/8/2016,1434,
10/8/2016,1427,
10/8/2016,1421,
10/11/2016,1404,
10/11/2016,1397,
10/11/2016,1389,
10/11/2016,1382,
10/11/2016,1374,
10/11/2016,1367,
10/11/2016,1359,
10/11/2016,1354,
10/14/2016,1318,
10/14/2016,1311,
10/16/2016,1326,
10/17/2016,1389,
10/17/2016,1352,
10/17/2016,1344,
10/17/2016,1337,
10/19/2016,1382,
10/19/2016,1374,
10/19/2016,1367,
10/19/2016,1360,
10/23/2016,1352,
10/23/2016,1344,
10/23/2016,1339,
10/26/2016,1329,
10/26/2016,1322,
10/26/2016,1316,
10/29/2016,1303,
10/29/2016,1296,
10/29/2016,1266,
10/29/2016,1258,
10/29/2016,1252,
10/31/2016,1286,
10/31/2016,1279,
10/31/2016,1272,
11/4/2016,1322,
11/4/2016,1314,
11/4/2016,1307,
11/7/2016,1352,
11/7/2016,1344,
11/7/2016,1337,
11/9/2016,1365,
11/9/2016,1357,
11/13/2016,1344,
11/16/2016,1337,
11/16/2016,1329,
11/16/2016,1309,
11/18/2016,1320,
11/18/2016,1312,
11/20/2016,1303,
11/23/2016,1337,
11/23/2016,1329,
11/26/2016,1356,
11/27/2016,1348,
11/30/2016,1344,
12/3/2016,1354,
12/8/2016,1393,
12/8/2016,1386,
12/8/2016,1378,
12/8/2016,1371,
12/8/2016,1363,
12/8/2016,1357,
12/11/2016,1464,
12/11/2016,1457,
12/11/2016,1449,
12/11/2016,1442,
12/11/2016,1434,
12/11/2016,1427,
12/11/2016,1419,
12/11/2016,1414,
12/14/2016,1479,
12/17/2016,1558,
12/17/2016,1551,
12/17/2016,1543,
12/17/2016,1536,
12/17/2016,1528,
12/17/2016,1521,
12/17/2016,1513,
12/17/2016,1506,
12/17/2016,1498,
12/17/2016,1491,
12/17/2016,1485,
12/20/2016,1586,
12/21/2016,1597,
12/21/2016,1590,
12/22/2016,1607,
12/26/2016,1663,
12/26/2016,1642,
12/27/2016,1656,
12/27/2016,1649,
1/1/2017,1656,
1/1/2017,1650,
1/4/2017,1708,
1/4/2017,1678,
1/4/2017,1671,
1/5/2017,1701,
1/5/2017,1693,
1/5/2017,1686,
1/10/2017,1641,
1/10/2017,1633,
1/10/2017,1626,
1/10/2017,1618,
1/10/2017,1612,
1/12/2017,1661,
1/12/2017,1654,
1/12/2017,1647,
1/16/2017,1689,
1/16/2017,1667,
1/16/2017,1659,
1/18/2017,1680,
1/18/2017,1673,
1/24/2017,1668,
1/25/2017,1652,
1/27/2017,1659,
1/31/2017,1652,
1/31/2017,1646,
2/3/2017,1641,
2/3/2017,1633,
2/3/2017,1627,
2/6/2017,1648,
2/8/2017,1656,
2/12/2017,1648,
2/14/2017,1641,
2/15/2017,1633,
2/17/2017,1626,
2/18/2017,1618,
2/21/2017,1626,
2/24/2017,1618,
2/24/2017,1596,
2/26/2017,1609,
2/26/2017,1602,
3/3/2017,1596,
3/6/2017,1633,
3/6/2017,1603,
3/7/2017,1626,
3/7/2017,1618,
3/7/2017,1611,
3/12/2017,1596,
3/13/2017,1586,
3/16/2017,1581,
3/18/2017,1588,
3/21/2017,1577,
3/21/2017,1571,
3/25/2017,1558,
3/25/2017,1552,
3/31/2017,1564,
4/2/2017,1556,
4/5/2017,1541,
4/7/2017,1547,
4/8/2017,1558,
4/12/2017,1581,
4/12/2017,1575,
4/19/2017,1583,
4/23/2017,1611,
4/23/2017,1603,
4/23/2017,1596,
4/23/2017,1588,
4/23/2017,1582,
4/26/2017,1629,
4/28/2017,1636,
5/2/2017,1627,
5/4/2017,1635,
5/7/2017,1644,
5/11/2017,1652,
5/16/2017,1662,
5/20/2017,1667,
5/23/2017,1659,
5/23/2017,1652,
5/26/2017,1644,
5/26/2017,1637,
5/28/2017,1630,
6/1/2017,1626,
6/1/2017,1618,
6/6/2017,1612,
6/11/2017,1618,
6/14/2017,1611,
6/14/2017,1603,
6/14/2017,1596,
6/17/2017,1581,
6/17/2017,1573,
6/17/2017,1552,
6/18/2017,1566,
6/18/2017,1559,
6/23/2017,1554,
6/23/2017,1547,
6/23/2017,1539,
6/23/2017,1532,
6/23/2017,1519,
6/24/2017,1522,
6/26/2017,1513,
6/26/2017,1500,
6/27/2017,1504,
6/29/2017,1494,
7/2/2017,1539,
7/2/2017,1532,
7/2/2017,1524,
7/2/2017,1519,
7/3/2017,1545,
7/8/2017,1539,
7/11/2017,1384,
7/12/2017,1547,
7/14/2017,1554,
7/14/2017,1539,
7/14/2017,1534,
7/14/2017,1399,
7/14/2017,1391,
7/17/2017,1517,
7/17/2017,1509,
7/17/2017,1421,
7/17/2017,1414,
7/17/2017,1406,
7/20/2017,1502,
7/20/2017,1399,
7/20/2017,1391,
7/21/2017,1385,
7/23/2017,1509,
7/26/2017,1554,
7/26/2017,1547,
7/26/2017,1539,
7/26/2017,1532,
7/26/2017,1524,
7/26/2017,1519,
7/26/2017,1376,
7/26/2017,1369,
7/27/2017,1361,
7/28/2017,1562,
7/29/2017,1354,
7/29/2017,1346,
7/29/2017,1339,
7/29/2017,1333,
8/1/2017,1313,
8/1/2017,1305,
8/1/2017,1290,
8/2/2017,1298,
8/3/2017,1567,
8/7/2017,1554,
8/7/2017,1549,
8/7/2017,1313,
8/7/2017,1305,
8/7/2017,1298,
8/7/2017,1290,
8/7/2017,1285,
8/10/2017,1543,
8/10/2017,1537,
8/10/2017,1279,
8/13/2017,1532,
8/13/2017,1526,
8/14/2017,1286,
8/15/2017,1279,
8/16/2017,1521,
8/16/2017,1515,
8/18/2017,1268,
8/18/2017,1260,
8/18/2017,1253,
8/18/2017,1247,
8/19/2017,1502,
8/19/2017,1494,
8/21/2017,1238,
8/21/2017,1231,
8/22/2017,1483,
8/22/2017,1476,
8/22/2017,1468,
8/24/2017,1223,
8/24/2017,1216,
8/24/2017,1186,
8/24/2017,1178,
8/24/2017,1171,
8/25/2017,1461,
8/26/2017,1208,
8/26/2017,1201,
8/26/2017,1194,
8/28/2017,1491,
8/28/2017,1483,
8/28/2017,1476,
8/30/2017,1499,
8/30/2017,1219,
8/30/2017,1212,
8/31/2017,1513,
8/31/2017,1506,
9/2/2017,1193,
9/3/2017,1491,
9/3/2017,1483,
9/3/2017,1476,
9/4/2017,1201,
9/5/2017,1231,
9/5/2017,1223,
9/5/2017,1216,
9/5/2017,1208,
9/6/2017,1470,
9/8/2017,1294,
9/8/2017,1279,
9/8/2017,1272,
9/8/2017,1264,
9/8/2017,1257,
9/8/2017,1249,
9/8/2017,1244,
9/9/2017,1483,
9/9/2017,1476,
9/10/2017,1287,
9/12/2017,1506,
9/12/2017,1498,
9/12/2017,1491,
9/14/2017,1514,
9/14/2017,1270,
9/16/2017,1276,
9/17/2017,1283,
9/19/2017,1522,
9/20/2017,1536,
9/20/2017,1528,
9/20/2017,1301,
9/20/2017,1294,
9/23/2017,1369,
9/23/2017,1361,
9/23/2017,1354,
9/23/2017,1346,
9/23/2017,1339,
9/23/2017,1331,
9/23/2017,1324,
9/23/2017,1318,
9/26/2017,1529,
9/26/2017,1436,
9/26/2017,1428,
9/26/2017,1406,
9/26/2017,1399,
9/26/2017,1391,
9/26/2017,1384,
9/28/2017,1536,
9/28/2017,1419,
9/28/2017,1412,
10/1/2017,1524,
10/1/2017,1511,
10/2/2017,1518,
10/2/2017,1395,
10/2/2017,1387,
10/2/2017,1380,
10/5/2017,1354,
10/5/2017,1348,
10/7/2017,1517,
10/7/2017,1359,
10/8/2017,1507,
10/10/2017,1498,
10/10/2017,1492,
10/11/2017,1365,
10/13/2017,1483,
10/13/2017,1476,
10/13/2017,1357,
10/13/2017,1351,
10/15/2017,1345,
10/16/2017,1464,
10/17/2017,1354,
10/19/2017,1449,
10/19/2017,1442,
10/19/2017,1434,
10/19/2017,1427,
10/19/2017,1421,
10/21/2017,1337,
10/22/2017,1416,
10/22/2017,1408,
10/22/2017,1401,
10/22/2017,1393,
10/26/2017,1434,
10/26/2017,1427,
10/26/2017,1420,
10/27/2017,1339,
10/31/2017,1434,
10/31/2017,1427,
11/1/2017,1331,
11/1/2017,1326,
11/4/2017,1320,
11/4/2017,1313,
11/4/2017,1305,
11/4/2017,1300,
11/5/2017,1446,
11/5/2017,1440,
11/6/2017,1453,
11/7/2017,1335,
11/8/2017,1328,
11/9/2017,1431,
11/9/2017,1423,
11/9/2017,1416,
11/10/2017,1320,
11/12/2017,1406,
11/13/2017,1309,
11/13/2017,1301,
11/13/2017,1294,
11/13/2017,1287,
11/13/2017,1279,
11/14/2017,1273,
11/17/2017,1399,
11/18/2017,1391,
11/19/2017,1279,
11/19/2017,1272,
11/19/2017,1264,
11/19/2017,1257,
11/19/2017,1251,
11/22/2017,1232,
11/23/2017,1403,
11/23/2017,1240,
11/28/2017,1245,
11/29/2017,1408,
11/30/2017,1401,
12/1/2017,1234,
12/4/2017,1227,
12/5/2017,1391,
12/5/2017,1218,
12/8/2017,1383,
12/10/2017,1219,
12/10/2017,1212,
12/10/2017,1206,
12/12/2017,1397,
12/12/2017,1389,
12/14/2017,1197,
12/15/2017,1423,
12/15/2017,1416,
12/15/2017,1408,
12/18/2017,1397,
12/18/2017,1180,
12/20/2017,1387,
12/20/2017,1186,
12/21/2017,1197,
12/25/2017,1378,
12/25/2017,1371,
12/26/2017,1363,
12/26/2017,1356,
12/26/2017,1223,
12/26/2017,1216,
12/28/2017,1348,
12/28/2017,1341,
12/28/2017,1335,
12/29/2017,1206,
12/31/2017,1314,
12/31/2017,1307,
12/31/2017,1286,
1/1/2018,1299,
1/1/2018,1293,
1/2/2018,1201,
1/2/2018,1193,
1/5/2018,1212,
1/6/2018,1314,
1/6/2018,1307,
1/6/2018,1299,
1/6/2018,1292,
1/7/2018,1282,
1/8/2018,1204,
1/8/2018,1199,
1/11/2018,1186,
1/11/2018,1180,
1/13/2018,1287,
1/13/2018,1193,
1/15/2018,1281,
1/18/2018,1269,
1/18/2018,1262,
1/18/2018,1254,
1/18/2018,1249,
1/19/2018,1195,
1/21/2018,1236,
1/21/2018,1230,
1/24/2018,1221,
1/24/2018,1213,
1/24/2018,1191,
1/24/2018,1183,
1/24/2018,1176,
1/24/2018,1170,
1/25/2018,1206,
1/25/2018,1198,
1/25/2018,1194,
1/30/2018,1221,
1/30/2018,1213,
1/31/2018,1191,
2/2/2018,1194,
2/3/2018,1202,
2/4/2018,1188,
2/5/2018,1232,
2/5/2018,1224,
2/5/2018,1217,
2/5/2018,1209,
2/7/2018,1165,
2/8/2018,1292,
2/8/2018,1277,
2/8/2018,1269,
2/8/2018,1262,
2/8/2018,1254,
2/8/2018,1247,
2/9/2018,1284,
2/9/2018,1178,
2/9/2018,1172,
2/10/2018,1186,
2/14/2018,1273,
2/15/2018,1208,
2/15/2018,1202,
2/16/2018,1195,
2/17/2018,1281,
2/20/2018,1303,
2/20/2018,1296,
2/20/2018,1185,
2/23/2018,1367,
2/23/2018,1359,
2/23/2018,1352,
2/23/2018,1344,
2/23/2018,1337,
2/23/2018,1329,
2/23/2018,1322,
2/26/2018,1438,
2/26/2018,1431,
2/26/2018,1423,
2/26/2018,1401,
2/26/2018,1393,
2/26/2018,1386,
2/26/2018,1380,
2/26/2018,1176,
2/28/2018,1416,
2/28/2018,1408,
3/3/2018,1182,
3/4/2018,1397,
3/4/2018,1389,
3/4/2018,1382,
3/6/2018,1204,
3/6/2018,1197,
3/6/2018,1189,
3/7/2018,1356,
3/7/2018,1350,
3/9/2018,1361,
3/9/2018,1223,
3/9/2018,1216,
3/9/2018,1210,
3/10/2018,1229,
3/15/2018,1361,
3/15/2018,1354,
3/15/2018,1212,
3/16/2018,1219,
3/18/2018,1347,
3/18/2018,1234,
3/18/2018,1227,
3/19/2018,1356,
3/21/2018,1245,
3/21/2018,1240,
3/22/2018,1254,
3/24/2018,1339,
3/28/2018,1258,
3/30/2018,1339,
3/30/2018,1272,
3/30/2018,1264,
3/31/2018,1277,
4/4/2018,1329,
4/5/2018,1268,
4/5/2018,1260,
4/5/2018,1255,
4/7/2018,1314,
4/7/2018,1307,
4/7/2018,1301,
4/8/2018,1324,
4/8/2018,1242,
4/10/2018,1333,
4/11/2018,1232,
4/13/2018,1326,
4/13/2018,1320,
4/14/2018,1227,
4/14/2018,1214,
4/15/2018,1219,
4/16/2018,1311,
4/16/2018,1303,
4/16/2018,1296,
4/16/2018,1288,
4/16/2018,1281,
4/16/2018,1275,
4/20/2018,1219,
4/21/2018,1269,
4/22/2018,1281,
4/22/2018,1258,
4/22/2018,1251,
4/23/2018,1234,
4/23/2018,1227,
4/24/2018,1242,
4/25/2018,1234,
4/26/2018,1240,
4/30/2018,1247,
5/1/2018,1247,
5/4/2018,1236,
5/4/2018,1242,
5/4/2018,1234,
5/6/2018,1225,
5/7/2018,1224,
5/8/2018,1219,
5/9/2018,1219,
5/13/2018,1217,
5/13/2018,1209,
5/13/2018,1206,
5/15/2018,1219,
5/15/2018,1213,
5/17/2018,1198,
5/19/2018,1203,
5/21/2018,1206,
5/22/2018,1181,
5/22/2018,1197,
5/24/2018,1187,
5/25/2018,1198,
5/25/2018,1208,
5/25/2018,1203,
5/28/2018,1197,
5/30/2018,1224,
5/30/2018,1217,
5/31/2018,1189,
6/2/2018,1207,
6/2/2018,1182,
6/3/2018,1176,
6/6/2018,1202,
6/6/2018,1194,
6/6/2018,1167,
6/8/2018,1161,
6/9/2018,1209,
6/12/2018,1202,
6/12/2018,1156,
6/12/2018,1148,
6/15/2018,1183,
6/15/2018,1132,
6/17/2018,1192,
6/17/2018,1138,
6/21/2018,1119,
6/23/2018,1196,
6/23/2018,1127,
6/24/2018,1133,
6/26/2018,1142,
6/29/2018,1194,
6/30/2018,1152,
6/30/2018,1145,
7/3/2018,1182,
7/3/2018,1167,
7/4/2018,1173,
7/5/2018,1190,
7/9/2018,1189,
7/9/2018,1171,
7/9/2018,1163,
7/13/2018,1166,
7/13/2018,1189,
7/14/2018,1179,
7/14/2018,1173,
7/14/2018,1197,
7/15/2018,1208,
7/16/2018,1187,
7/16/2018,1215,
7/20/2018,1209,
7/20/2018,1203,
7/21/2018,1204,
7/21/2018,1197,
7/22/2018,1196,
7/22/2018,1188,
7/25/2018,1187,
7/25/2018,1180,
7/29/2018,1179,
7/31/2018,1176,
8/3/2018,1176,
8/6/2018,1183,
8/6/2018,1179,
8/9/2018,1206,
8/9/2018,1198,
8/9/2018,1191,
8/11/2018,1193,
8/12/2018,1224,
8/12/2018,1217,
8/12/2018,1211,
8/12/2018,1188,
8/13/2018,1230,
8/17/2018,1178,
8/18/2018,1213,
8/18/2018,1171,
8/20/2018,1221,
8/21/2018,1232,
8/23/2018,1171,
8/24/2018,1247,
8/24/2018,1241,
8/24/2018,1164,
8/25/2018,1255,
8/30/2018,1161,
8/31/2018,1152,
9/1/2018,1259,
9/2/2018,1269,
9/4/2018,1277,
9/5/2018,1145,
9/8/2018,1269,
9/8/2018,1262,
9/8/2018,1254,
9/8/2018,1138,
9/11/2018,1239,
9/11/2018,1129,
9/14/2018,1232,
9/15/2018,1126,
9/15/2018,1120,
9/17/2018,1217,
9/19/2018,1222,
9/20/2018,1111,
9/21/2018,1122,
9/21/2018,1102,
9/23/2018,1221,
9/26/2018,1232,
9/26/2018,1226,
9/26/2018,1113,
9/28/2018,1241,
9/29/2018,1104,
10/4/2018,1245,
10/5/2018,1105,
10/8/2018,1239,
10/8/2018,1232,
10/9/2018,1119,
10/9/2018,1111,
10/10/2018,1225,
10/11/2018,1128,
10/13/2018,1221,
10/15/2018,1163,
10/15/2018,1141,
10/17/2018,1207,
10/17/2018,1156,
10/17/2018,1149,
10/19/2018,1221,
10/19/2018,1214,
10/21/2018,1160,
10/24/2018,1152,
10/24/2018,1147,
10/25/2018,1206,
10/25/2018,1199,
10/27/2018,1192,
10/29/2018,1139,
10/30/2018,1206,
11/2/2018,1198,
11/3/2018,1144,
11/6/2018,1185,
11/6/2018,1179,
11/8/2018,1156,
11/8/2018,1150,
11/9/2018,1164,
11/11/2018,1168,
11/12/2018,1162,
11/14/2018,1175,
11/14/2018,1167,
11/15/2018,1182,
11/17/2018,1157,
11/17/2018,1149,
11/17/2018,1144,
11/17/2018,1189,
11/20/2018,1132,
11/21/2018,1185,
11/22/2018,1139,
11/23/2018,1193,
11/26/2018,1119,
11/26/2018,1219,
11/26/2018,1212,
11/26/2018,1206,
11/27/2018,1128,
11/29/2018,1134,
11/29/2018,1238,
11/29/2018,1231,
11/30/2018,1141,
12/2/2018,1257,
12/4/2018,1265,
12/5/2018,1149,
12/5/2018,1142,
12/5/2018,1283,
12/5/2018,1275,
12/8/2018,1183,
12/8/2018,1168,
12/8/2018,1162,
12/8/2018,1305,
12/8/2018,1298,
12/8/2018,1290,
12/9/2018,1311,
12/10/2018,1174,
12/14/2018,1172,
12/14/2018,1164,
12/15/2018,1300,
12/15/2018,1292,
12/17/2018,1283,
12/17/2018,1277,
12/19/2018,1198,
12/19/2018,1191,
12/20/2018,1206,
12/20/2018,1185,
12/20/2018,1300,
12/22/2018,1213,
12/24/2018,1295,
12/26/2018,1206,
12/26/2018,1198,
12/26/2018,1191,
12/26/2018,1301,
12/29/2018,1183,
12/29/2018,1313,
1/2/2019,1318,
1/3/2019,1176,
1/4/2019,1170,
1/5/2019,1310,
1/9/2019,1180,
1/9/2019,1316,
1/9/2019,1311,
1/13/2019,1179,
1/13/2019,1174,
1/14/2019,1306,
1/16/2019,1194,
1/17/2019,1315,
1/18/2019,1189,
1/21/2019,1309,
1/21/2019,1301,
1/21/2019,1294,
1/22/2019,1179,
1/24/2019,1172,
1/24/2019,1287,
1/29/2019,1172,
1/29/2019,1276,
1/30/2019,1165,
2/2/2019,1268,
2/4/2019,1261,
2/5/2019,1161,
2/7/2019,1153,
2/10/2019,1260,
2/11/2019,1146,
2/14/2019,1139,
2/16/2019,1259,
2/17/2019,1130,
2/22/2019,1127,
2/22/2019,1121,
2/22/2019,1257,
2/22/2019,1249,
2/22/2019,1244,
2/26/2019,1268,
2/27/2019,1112,
2/28/2019,1123,
2/28/2019,1102,
3/1/2019,1260,
3/1/2019,1255,
3/4/2019,1114,
3/6/2019,1248,
3/8/2019,1105,
3/10/2019,1249,
3/13/2019,1105,
3/13/2019,1260,
3/13/2019,1255,
3/17/2019,1272,
3/18/2019,1119,
3/18/2019,1112,
3/20/2019,1129,
3/22/2019,1275,
3/22/2019,1270,
3/24/2019,1146,
3/24/2019,1140,
3/25/2019,1283,
3/26/2019,1159,
3/26/2019,1152,
3/28/2019,1272,
3/28/2019,1264,
3/28/2019,1251,
3/29/2019,1257,
3/30/2019,1161,
4/2/2019,1153,
4/2/2019,1147,
4/3/2019,1264,
4/6/2019,1259,
4/7/2019,1139,
4/9/2019,1253,
4/10/2019,1246,
4/12/2019,1240,
4/13/2019,1144,
4/16/2019,1232,
4/17/2019,1161,
4/17/2019,1153,
4/21/2019,1223,
4/22/2019,1167,
4/23/2019,1176,
4/25/2019,1183,
4/26/2019,1191,
4/26/2019,1216,
5/1/2019,1186,
5/1/2019,1212,
5/2/2019,1194,
5/6/2019,1221,
5/6/2019,1213,
5/6/2019,1206,
5/6/2019,1204,
5/9/2019,1239,
5/9/2019,1232,
5/9/2019,1197,
5/9/2019,1191,
5/12/2019,1256,
5/12/2019,1178,
5/12/2019,1171,
5/13/2019,1186,
5/14/2019,1262,
5/15/2019,1281,
5/15/2019,1273,
5/17/2019,1193,
5/17/2019,1188,
5/18/2019,1314,
5/18/2019,1299,
5/18/2019,1292,
5/19/2019,1307,
5/20/2019,1182,
5/20/2019,1175,
5/22/2019,1167,
5/25/2019,1299,
5/25/2019,1292,
5/26/2019,1163,
5/26/2019,1156,
5/27/2019,1284,
5/27/2019,1279,
5/29/2019,1137,
5/29/2019,1130,
5/29/2019,1124,
5/30/2019,1301,
5/31/2019,1145,
6/3/2019,1296,
6/3/2019,1156,
6/4/2019,1171,
6/4/2019,1163,
6/4/2019,1150,
6/5/2019,1303,
6/7/2019,1141,
6/8/2019,1314,
6/11/2019,1320,
6/12/2019,1133,
6/14/2019,1309,
6/15/2019,1313,
6/16/2019,1137,
6/16/2019,1130,
6/16/2019,1124,
6/19/2019,1145,
6/24/2019,1149,
6/27/2019,1141,
7/1/2019,1139,
7/6/2019,1134,
7/7/2019,1141,
7/12/2019,1147,
7/15/2019,1139,
7/19/2019,1139,
7/22/2019,1133,
7/25/2019,1145,
7/26/2019,1137,
8/1/2019,1132,
8/6/2019,1126,
8/6/2019,1119,
8/10/2019,1110,
8/16/2019,1114,
8/21/2019,1115,
8/24/2019,1130,
8/24/2019,1124,
8/27/2019,1137,
8/30/2019,1152,
8/30/2019,1147,
9/3/2019,1169,
9/3/2019,1161,
9/3/2019,1156,
9/9/2019,1153,
9/14/2019,1160,
9/14/2019,1152,
9/15/2019,1166,
9/21/2019,1167,
9/24/2019,1163,
9/28/2019,1167,
10/1/2019,1204,
10/1/2019,1197,
10/1/2019,1189,
10/1/2019,1182,
10/6/2019,1216,
10/7/2019,1223,
10/7/2019,1210,
10/10/2019,1253,
10/10/2019,1245,
10/12/2019,1268,
10/12/2019,1261,
10/13/2019,1290,
10/13/2019,1283,
10/13/2019,1275,
10/16/2019,1309,
10/16/2019,1303,
10/18/2019,1318,
10/19/2019,1343,
10/19/2019,1335,
10/19/2019,1328,
10/22/2019,1320,
10/22/2019,1313,
10/27/2019,1298,
10/27/2019,1291,
10/28/2019,1283,
10/28/2019,1277,
10/31/2019,1309,
11/3/2019,1331,
11/3/2019,1324,
11/6/2019,1346,
11/8/2019,1340,
11/14/2019,1329,
11/15/2019,1320,
11/18/2019,1337,
11/20/2019,1344,
11/21/2019,1369,
11/21/2019,1361,
11/21/2019,1354,
11/24/2019,1395,
11/24/2019,1387,
11/27/2019,1410,
11/27/2019,1402,
11/30/2019,1496,
11/30/2019,1488,
11/30/2019,1481,
11/30/2019,1473,
11/30/2019,1466,
11/30/2019,1458,
11/30/2019,1451,
11/30/2019,1443,
11/30/2019,1436,
11/30/2019,1428,
12/1/2019,1503,
12/3/2019,1511,
12/6/2019,1552,
12/6/2019,1544,
12/6/2019,1537,
12/6/2019,1531,
12/7/2019,1595,
12/7/2019,1587,
12/7/2019,1580,
12/7/2019,1572,
12/7/2019,1565,
12/7/2019,1558,
12/8/2019,1604,
12/9/2019,1630,
12/9/2019,1623,
12/9/2019,1615,
12/12/2019,1522,
12/12/2019,1514,
12/13/2019,1507,
12/13/2019,1499,
12/13/2019,1493,
12/15/2019,1484,
12/15/2019,1477,
12/15/2019,1470,
12/15/2019,1462,
12/15/2019,1455,
12/15/2019,1447,
12/15/2019,1442,
