Date,Open,High,Low,LTP,% Change,Qty,Turnover
2019-05-16,385,385,380,382,-1.29,"48,836","18,672,588"
2019-05-15,388,392,385,387,-0.26,"81,993","31,889,297"
2019-05-14,381,388,380,388,1.84,"76,797","29,516,927"
2019-05-13,378,381,378,381,0,"21,419","8,139,023"
2019-05-12,375,382,375,381,0.26,"22,299","8,475,307"
2019-05-09,384,385,376,380,-0.78,"98,484","37,627,165"
2019-05-08,383,386,382,383,-1.03,"28,675","10,991,099"
2019-05-07,385,391,385,387,0.26,"68,794","26,669,641"
2019-05-06,382,386,374,386,2.66,"81,644","31,094,557"
2019-05-05,385,385,375,376,-1.83,"56,175","21,217,418"
2019-05-02,381,386,379,383,-0.78,"42,074","16,095,915"
2019-04-30,386,390,380,386,0,"42,185","16,221,194"
2019-04-29,383,391,383,386,-0.77,"76,279","29,603,282"
2019-04-28,394,398,389,389,-1.77,"135,953","53,290,232"
2019-04-25,390,400,390,396,1.54,"134,958","53,415,695"
2019-04-24,380,391,380,390,2.63,"102,457","39,599,256"
2019-04-23,383,386,378,380,-0.52,"76,009","29,060,266"
2019-04-22,388,389,377,382,-1.55,"92,343","35,433,686"
2019-04-21,385,390,379,388,0.78,"96,067","36,966,235"
2019-04-18,389,390,384,385,-1.03,"93,648","36,132,167"
2019-04-17,377,390,373,389,3.18,"189,582","72,615,151"
2019-04-16,360,377,360,377,4.14,"185,038","68,919,522"
2019-04-15,356,362,356,362,1.69,"45,727","16,428,148"
2019-04-11,355,358,352,356,0.28,"86,342","30,708,584"
2019-04-10,351,357,347,355,1.14,"72,189","25,281,172"
2019-04-09,364,364,351,351,-1.68,"95,391","33,851,335"
2019-04-08,353,364,346,357,2.29,"152,538","54,201,655"
2019-04-07,337,352,335,349,3.87,"96,825","33,174,930"
2019-04-04,337,339,334,336,-0.59,"37,453","12,600,385"
2019-04-03,336,340,331,338,0.9,"63,376","21,420,896"
2019-04-02,333,339,332,335,1.21,"80,947","27,159,192"
2019-04-01,323,332,323,331,0.91,"49,552","16,359,410"
2019-03-31,327,330,326,328,0.31,"16,376","5,356,491"
2019-03-28,324,327,324,327,0.62,"26,581","8,646,525"
2019-03-27,325,326,323,325,0,"29,980","9,737,627"
2019-03-26,319,327,319,325,0.93,"29,747","9,644,794"
2019-03-25,321,325,317,322,1.26,"13,920","4,483,894"
2019-03-24,317,324,317,318,-0.93,"24,543","7,848,845"
2019-03-21,322,325,321,321,-0.31,"12,394","3,994,013"
2019-03-19,325,330,322,322,-0.92,"7,431","2,414,089"
2019-03-18,325,329,323,325,-0.31,"29,983","9,799,513"
2019-03-17,325,328,325,326,0.31,"28,877","9,420,348"
2019-03-14,321,326,319,325,0.31,"27,872","8,998,977"
2019-03-13,328,330,319,324,-0.31,"44,594","14,494,255"
2019-03-12,323,327,320,325,0.93,"39,242","12,731,960"
2019-03-11,320,322,316,322,1.26,"30,794","9,839,441"
2019-03-10,317,320,311,318,0.95,"15,296","4,811,440"
2019-03-07,308,315,307,315,2.94,"18,431","5,729,608"
2019-03-06,306,308,304,306,0,"37,701","11,546,131"
2019-03-05,307,307,303,306,-0.33,"25,718","7,864,053"
2019-03-03,302,307,302,307,1.32,"31,553","9,603,243"
2019-02-27,303,307,302,303,-0.33,"33,696","10,229,368"
2019-02-26,302,305,302,304,0.66,"19,594","5,956,166"
2019-02-25,302,306,300,302,0,"22,112","6,685,844"
2019-02-24,301,307,300,302,0.33,"23,498","7,092,195"
2019-02-21,308,308,301,301,-1.31,"21,119","6,422,750"
2019-02-20,310,310,305,305,-1.29,"19,783","6,052,757"
2019-02-19,308,309,305,309,0.98,"12,380","3,800,233"
2019-02-18,309,309,304,306,-0.97,"34,435","10,563,087"
2019-02-17,309,311,306,309,0.32,"23,812","7,326,226"
2019-02-14,310,311,307,308,-0.96,"30,824","9,480,102"
2019-02-13,312,317,309,311,0,"17,557","5,481,991"
2019-02-12,313,313,310,311,0,"15,882","4,931,704"
2019-02-11,308,314,307,311,0.32,"26,558","8,252,639"
2019-02-10,312,314,310,310,-0.96,"22,620","7,049,837"
2019-02-07,312,315,312,313,0.32,"16,558","5,197,766"
2019-02-06,315,317,312,312,-0.95,"20,208","6,343,191"
2019-02-05,314,317,312,315,-0.32,"26,733","8,434,334"
2019-02-04,315,318,314,316,0,"19,122","6,028,647"
2019-02-03,316,319,315,316,-0.32,"42,639","13,485,227"
2019-01-31,317,318,316,317,0,"9,956","3,157,109"
2019-01-30,316,317,315,317,0.32,"12,242","3,875,329"
2019-01-29,316,318,315,316,-0.32,"12,095","3,825,075"
2019-01-28,320,320,316,317,0.32,"26,798","8,477,954"
2019-01-27,323,323,315,316,-0.94,"32,446","10,272,044"
2019-01-24,322,322,317,319,-0.31,"19,202","6,137,403"
2019-01-23,318,320,318,320,0.95,"14,725","4,695,167"
2019-01-22,319,323,317,317,-0.63,"28,442","9,062,828"
2019-01-21,321,323,318,319,-0.62,"19,465","6,228,355"
2019-01-20,321,323,320,321,-0.93,"3,310","1,064,505"
2019-01-17,323,324,321,324,0.31,"8,437","2,724,312"
2019-01-16,325,328,322,323,-0.62,"15,916","5,166,418"
2019-01-15,329,329,325,325,0,"8,855","2,898,640"
2019-01-14,326,326,322,325,-0.31,"16,856","5,461,244"
2019-01-13,321,326,321,326,0.31,"13,010","4,217,355"
2019-01-10,326,328,325,325,-0.31,"19,545","6,372,928"
2019-01-09,330,330,326,326,0,"10,488","3,431,475"
2019-01-08,328,329,324,326,0.62,"20,069","6,528,402"
2019-01-07,315,325,315,324,1.57,"15,486","4,986,555"
2019-01-06,324,324,318,319,-1.24,"13,603","4,345,590"
2019-01-03,323,325,321,323,0.94,"19,534","6,310,975"
2019-01-02,323,329,320,320,-1.54,"31,098","9,982,843"
2019-01-01,328,332,325,325,-1.22,"21,531","7,039,287"
2018-12-31,332,335,329,329,-1.79,"41,159","13,644,235"
2018-12-30,337,339,333,335,-0.59,"24,462","8,184,123"
2018-12-27,345,345,335,337,-1.75,"47,419","16,088,195"
2018-12-26,337,347,335,343,2.08,"56,139","19,178,373"
2018-12-25,365,365,335,336,-4.49662,"68,089","23,110,103"
2018-12-24,398,398,385,387,-1.28,"255,737","99,558,917"
2018-12-23,388,395,385,392,2.89,"185,289","71,984,499"
2018-12-20,381,388,379,381,0.26,"148,662","56,753,437"
2018-12-19,374,383,374,380,0.53,"93,014","35,270,061"
2018-12-18,385,391,375,378,0.8,"114,723","43,660,015"
2018-12-17,375,384,374,375,0.27,"81,010","30,773,339"
2018-12-16,377,377,371,374,1.08,"49,299","18,389,651"
2018-12-13,363,372,363,370,1.93,"45,063","16,568,635"
2018-12-12,363,365,362,363,0,"42,441","15,414,693"
2018-12-11,363,368,360,363,0,"69,343","25,260,143"
2018-12-10,360,363,359,363,1.11,"52,419","18,988,921"
2018-12-09,356,359,355,359,0.84,"41,526","14,863,636"
2018-12-06,348,357,347,356,1.42,"126,543","44,637,964"
2018-12-05,359,359,351,351,-2.23,"67,092","23,758,234"
2018-12-04,357,360,357,359,0.28,"59,267","21,255,573"
2018-12-03,355,362,355,358,0.28,"39,922","14,291,098"
2018-12-02,361,361,355,357,-0.83,"96,983","34,609,348"
2018-11-29,360,363,359,360,0,"74,131","26,745,733"
2018-11-28,358,360,357,360,0.56,"58,465","20,993,213"
2018-11-27,360,360,357,358,0.28,"54,285","19,434,005"
2018-11-26,357,358,355,357,0.28,"63,797","22,765,370"
2018-11-25,355,360,355,356,0,"102,174","36,537,896"
2018-11-22,347,362,347,356,3.49,"219,694","78,576,362"
2018-11-21,340,344,337,344,0.58,"52,506","17,852,279"
2018-11-20,343,345,341,342,-0.581395,"18,053","6,200,651"
2018-11-19,343,345,341,344,0,"8,350","2,866,398"
2018-11-18,343,345,342,343,-0.57971,"9,826","3,376,422"
2018-11-15,349,352,345,345,-1.14613,"17,565","6,108,748"
2018-11-14,349,350,347,349,0,"16,276","5,677,203"
2018-11-13,344,351,344,349,0.867052,"11,755","4,101,990"
2018-11-12,348,350,345,346,-0.859599,"6,971","2,418,546"
2018-11-11,354,354,349,349,-1.41243,"5,503","1,928,827"
2018-11-06,351,356,347,354,0.854701,"3,741","1,323,123"
2018-11-05,347,353,347,351,1.1527,"17,500","6,157,250"
2018-11-04,349,350,344,347,-1.1396,"19,436","6,747,677"
2018-11-01,353,354,350,351,-0.5666,"24,500","8,614,033"
2018-10-31,354,354,351,353,0,"13,920","4,898,875"
2018-10-30,346,353,346,353,1.1461,"23,401","8,206,743"
2018-10-29,352,352,347,349,-0.8523,"23,255","8,105,158"
2018-10-28,355,361,351,352,-0.8451,"28,925","10,239,263"
2018-10-25,359,363,355,355,-1.3889,"21,059","7,535,425"
2018-10-24,362,362,359,360,-0.5525,"22,081","7,956,217"
2018-10-23,362,363,359,362,0,"16,420","5,928,784"
2018-10-22,365,365,361,362,-0.2755,"10,989","3,987,527"
2018-10-21,359,366,359,363,0.8333,"28,624","10,410,120"
2018-10-15,364,365,359,360,-0.5525,"61,656","22,351,977"
2018-10-14,363,364,358,362,1.6854,"68,134","24,555,536"
2018-10-11,348,356,348,356,2.2989,"39,258","13,836,938"
2018-10-10,347,350,347,348,0,"12,623","4,395,331"
2018-10-09,350,354,346,348,-0.5714,"34,322","11,987,799"
2018-10-08,346,352,346,350,1.4493,"25,561","8,915,765"
2018-10-07,347,350,345,345,-1.4286,"58,212","20,185,829"
2018-10-04,350,354,345,350,0,"91,385","31,913,711"
2018-10-03,355,358,349,350,-1.9608,"74,537","26,267,936"
2018-10-02,354,360,353,357,0.2809,"46,909","16,700,041"
2018-10-01,361,364,355,356,-2.1978,"78,213","28,099,094"
2018-09-30,366,371,363,364,-1.6216,"72,493","26,511,890"
2018-09-27,377,377,369,370,-0.8043,"57,983","21,487,464"
2018-09-26,377,377,367,373,-1.061,"162,596","60,696,019"
2018-09-25,368,380,368,377,2.4457,"126,992","47,650,337"
2018-09-23,362,372,358,368,1.9391,"107,016","38,967,092"
2018-09-20,360,363,356,361,0.838,"106,780","38,312,303"
2018-09-18,357,360,355,358,0.2801,"69,287","24,753,339"
2018-09-17,365,365,355,357,-0.8333,"172,901","62,176,526"
2018-09-16,356,372,352,360,2.2727,"203,588","73,810,591"
2018-09-13,338,359,337,352,4.142,"172,322","59,987,649"
2018-09-12,335,340,333,338,1.1976,"89,009","30,023,704"
2018-09-11,332,335,331,334,0.9063,"47,395","15,811,814"
2018-09-10,335,335,330,331,-0.8982,"29,571","9,800,915"
2018-09-09,333,339,331,334,-0.5952,"62,496","20,923,107"
2018-09-06,338,342,332,336,0.9009,"308,143","103,444,154"
2018-09-05,325,337,325,333,2.4615,"135,629","45,112,433"
2018-09-04,325,331,323,325,0,"78,790","25,780,659"
2018-09-03,328,329,322,325,0.3086,"76,056","24,764,137"
2018-09-02,317,326,315,324,2.5316,"65,508","20,946,921"
2018-08-30,315,316,310,316,1.6077,"31,183","9,751,029"
2018-08-29,318,318,308,311,-0.3205,"28,137","8,728,159"
2018-08-28,308,312,303,312,1.2987,"46,421","14,271,286"
2018-08-26,308,310,306,308,-0.6452,"25,943","7,999,391"
2018-08-23,312,313,303,310,-2.5157,"161,413","49,533,812"
2018-08-22,319,319,315,318,-1.548,"16,189","5,133,516"
2018-08-21,322,325,322,323,-0.6154,"9,433","3,050,968"
2018-08-20,332,332,323,325,-0.9146,"14,521","4,717,542"
2018-08-19,328,331,325,328,-1.2048,"11,354","3,723,491"
2018-08-16,329,335,320,332,2.7864,"51,341","16,791,704"
2018-08-15,324,326,318,323,0.9375,"28,492","9,158,620"
2018-08-14,314,320,311,320,2.8939,"12,295","3,878,180"
2018-08-13,305,313,305,311,1.3029,"7,615","2,355,029"
2018-08-12,318,318,307,307,-1.9169,"8,808","2,712,834"
2018-08-09,318,320,311,313,-0.9494,"9,044","2,839,147"
2018-08-08,315,319,314,316,0,"15,347","4,840,317"
2018-08-07,315,316,313,316,0.3175,"9,910","3,118,515"
2018-08-06,317,317,314,315,-0.6309,"6,278","1,981,819"
2018-08-05,317,318,316,317,-0.3145,"5,941","1,881,800"
2018-08-02,323,328,316,318,0.3155,"7,604","2,420,094"
2018-08-01,367,369,365,365,0.2747,"78,789","28,899,826"
2018-07-31,371,371,364,364,0,"21,554","7,878,844"
2018-07-30,360,368,360,364,0.831,"29,197","10,572,369"
2018-07-29,360,362,356,361,1.9774,"23,014","8,254,823"
2018-07-26,354,359,354,354,0,"14,723","5,246,730"
2018-07-25,357,357,354,354,-0.2817,"7,583","2,694,846"
2018-07-24,354,362,353,355,0.2825,"16,560","5,931,154"
2018-07-23,353,357,352,354,0,"8,746","3,098,052"
2018-07-22,355,356,353,354,-1.1173,"4,968","1,760,506"
2018-07-19,356,360,355,358,0,"7,413","2,658,251"
2018-07-18,355,358,354,358,0.8451,"10,586","3,780,758"
2018-07-17,360,360,353,355,-0.838,"11,362","4,030,034"
2018-07-16,353,364,353,358,1.9943,"10,405","3,720,548"
2018-07-15,350,354,350,351,-0.8475,"8,501","2,989,518"
2018-07-12,360,361,352,354,0,"15,943","5,638,163"
2018-07-11,351,358,351,354,2.6087,"14,091","5,007,849"
2018-07-10,342,349,342,345,0.5831,"3,010","1,035,773"
2018-07-09,345,346,341,343,-1.7192,"5,778","1,983,924"
2018-07-08,355,360,349,349,-0.8523,"5,432","1,911,776"
2018-07-05,344,354,341,352,2.3256,"13,376","4,631,304"
2018-07-04,339,344,338,344,1.4749,"6,609","2,254,334"
2018-07-03,342,343,338,339,-0.2941,"10,252","3,495,438"
2018-07-02,339,345,339,340,-0.5848,"1,603","545,107"
2018-07-01,345,347,342,342,-1.1561,"8,686","2,995,463"
2018-06-28,347,347,344,346,0,"8,967","3,088,379"
2018-06-27,345,347,342,346,0,"3,093","1,067,196"
2018-06-26,349,349,342,346,-0.5747,"8,852","3,054,092"
2018-06-25,349,349,344,348,-0.2865,"7,154","2,468,135"
2018-06-24,355,355,349,349,0,"8,269","2,896,783"
2018-06-21,358,358,345,349,-0.5698,"12,027","4,219,594"
2018-06-20,352,366,351,351,0.2857,"12,642","4,466,685"
2018-06-19,357,357,349,350,-0.2849,"20,717","7,254,096"
2018-06-18,350,353,349,351,-1.1268,"31,970","11,187,293"
2018-06-17,365,365,355,355,-4.5699,"54,367","19,498,441"
2018-06-14,370,382,368,372,1.087,"28,450","10,573,599"
2018-06-13,365,371,362,368,0.2725,"14,440","5,319,437"
2018-06-12,370,371,366,367,-1.0782,"5,902","2,173,425"
2018-06-11,369,378,363,371,0.2703,"14,404","5,339,330"
2018-06-10,375,375,366,370,-2.6316,"28,282","10,436,554"
2018-06-07,392,392,380,380,-3.7975,"18,666","7,181,137"
2018-06-06,395,410,395,395,0,"5,153","2,054,057"
2018-06-04,395,401,395,395,-0.5038,"14,887","5,911,265"
2018-06-03,397,413,390,397,-1.9753,"14,422","5,786,974"
2018-05-31,414,415,405,405,-2.1739,"13,468","5,511,090"
2018-05-30,412,420,411,414,-1.1933,"25,450","10,535,714"
2018-05-29,436,436,413,419,-5.6306,"71,425","30,208,458"
2018-05-28,430,452,430,444,1.6018,"12,893","5,684,770"
2018-04-10,440,450,440,446,-0.4464,"6,729","2,994,617"
2018-04-09,462,462,448,448,-1.1038,"6,869","3,112,492"
2018-04-08,441,455,438,453,2.7211,"13,817","6,194,865"
2018-04-05,433,444,426,441,3.7647,"11,937","5,193,583"
2018-04-04,416,426,416,425,2.1635,"5,028","2,120,672"
2018-04-03,410,418,410,416,0.7264,"2,804","1,165,880"
2018-04-02,414,420,413,413,-0.2415,"3,514","1,456,555"
2018-04-01,421,421,410,414,-1.6627,"4,613","1,907,048"
2018-03-29,418,430,418,421,0.2381,"7,500","3,168,006"
2018-03-28,410,423,402,420,2.439,"12,649","5,264,774"
2018-03-27,391,410,384,410,3.7975,"12,758","5,091,215"
2018-03-26,406,406,393,395,-4.1262,"17,197","6,826,750"
2018-03-22,413,420,410,412,-1.9048,"18,850","7,787,493"
2018-03-21,420,425,416,420,-0.9434,"7,025","2,947,732"
2018-03-20,433,433,420,424,-2.0785,"7,288","3,097,613"
2018-03-19,436,439,433,433,-0.6881,"5,900","2,560,301"
2018-03-18,440,441,433,436,-0.9091,"10,435","4,542,043"
2018-03-15,435,441,435,440,0.2278,"3,363","1,477,343"
2018-03-14,438,439,431,439,0,"8,840","3,845,577"
2018-03-13,436,439,431,439,0.6881,"5,894","2,563,461"
2018-03-12,433,438,431,436,0.6928,"7,224","3,144,158"
2018-03-11,440,440,432,433,-1.8141,"7,761","3,370,907"
2018-03-07,439,441,435,441,2.0833,"14,773","6,466,064"
2018-03-06,435,438,420,432,-0.6897,"32,814","14,085,011"
2018-03-05,445,450,430,435,-1.1364,"15,661","6,820,856"
2018-03-04,450,450,424,440,-3.2967,"10,971","4,808,324"
2018-02-28,456,459,451,455,-1.087,"14,739","6,689,349"
2018-02-27,453,464,453,460,1.5453,"6,705","3,079,272"
2018-02-26,460,463,453,453,-1.5217,"7,378","3,358,226"
2018-02-25,460,463,458,460,-0.4329,"7,549","3,477,722"
2018-02-22,470,470,462,462,-0.6452,"8,172","3,804,058"
2018-02-21,461,465,460,465,0,"4,777","2,207,011"
2018-02-20,483,484,465,465,-2.1053,"24,369","11,421,445"
2018-02-18,490,490,475,475,-1.2474,"17,687","8,486,619"
2018-02-15,466,492,462,481,0,"32,657","15,261,813"
2018-02-14,460,467,459,466,0,"13,269","6,140,347"
2018-02-12,468,470,460,460,0,"14,560","6,777,230"
2018-02-11,468,474,466,468,0,"3,093","1,449,534"
2018-02-08,463,470,465,468,0,"2,790","1,302,641"
2018-02-07,466,467,462,463,0,"4,212","1,956,240"
2018-02-06,474,471,466,466,0,"8,936","4,191,790"
2018-02-05,476,480,470,474,0,"23,034","10,885,484"
2018-02-04,472,477,473,476,0,"33,882","16,099,425"
2018-02-01,474,479,466,472,0,"19,718","9,359,582"
2018-01-31,464,474,465,474,0,"19,377","9,062,345"
2018-01-29,463,470,461,464,0,"18,395","8,549,845"
2018-01-28,447,465,447,463,0,"28,166","12,921,370"
2018-01-25,447,449,433,447,0,"10,116","4,507,307"
2018-01-24,446,450,444,447,0,"6,249","2,782,716"
2018-01-23,450,450,440,446,0,"6,593","2,914,502"
2018-01-22,443,450,440,450,0,"15,413","6,892,366"
2018-01-21,450,454,443,443,0,"15,918","7,099,645"
2018-01-17,454,453,447,450,0,"4,694","2,111,977"
2018-01-16,457,455,451,454,0,"6,698","3,028,096"
2018-01-14,460,460,456,457,0,"1,751","801,501"
2018-01-10,464,465,460,460,0,"3,277","1,510,225"
2018-01-09,458,464,457,464,0,"7,457","3,432,907"
2018-01-08,452,460,452,458,0,"1,992","906,592"
2018-01-07,456,458,447,452,0,"5,604","2,545,594"
2018-01-04,458,460,454,456,0,"2,741","1,248,720"
2018-01-03,465,460,455,458,0,"10,244","4,689,261"
2018-01-02,464,472,460,465,0,"10,550","4,895,782"
2018-01-01,453,464,450,464,0,"20,444","9,333,555"
2017-12-31,460,459,445,453,0,"12,451","5,633,058"
2017-12-28,456,461,455,460,0,"6,172","2,821,391"
2017-12-27,465,465,454,456,0,"4,897","2,237,766"
2017-12-26,468,469,460,465,0,"6,883","3,200,466"
2017-12-24,469,473,468,468,0,"6,357","2,993,283"
2017-12-21,470,472,468,469,0,"3,477","1,633,819"
2017-12-20,474,472,468,470,0,"5,311","2,494,826"
2017-12-19,469,475,472,474,0,"3,723","1,763,380"
2017-12-18,477,477,468,469,0,"8,158","3,853,805"
2017-12-17,480,480,475,477,0,"6,141","2,926,571"
2017-12-14,480,486,479,480,0,"3,252","1,559,318"
2017-12-13,481,482,476,480,0,"3,566","1,706,600"
2017-12-12,489,490,481,481,0,"7,084","3,438,785"
2017-12-11,491,490,488,489,0,"3,268","1,600,986"
2017-12-10,491,494,490,491,0,"12,108","5,947,221"
2017-12-06,484,493,488,491,0,"10,114","4,969,887"
2017-12-05,490,487,483,484,0,"7,749","3,761,290"
2017-12-04,490,491,486,490,0,"22,202","10,847,617"
2017-11-30,487,490,480,490,0,"7,639","3,717,573"
2017-11-29,485,491,487,487,0,"9,059","4,436,097"
2017-11-28,479,487,479,485,0,"18,281","8,832,051"
2017-11-27,480,489,479,479,0,"4,879","2,351,654"
2017-11-26,472,484,472,480,0,"4,437","2,126,965"
2017-11-23,466,475,470,472,0,"4,785","2,256,448"
2017-11-22,466,470,465,466,0,"2,932","1,368,324"
2017-11-21,465,474,466,466,0,"1,744","822,572"
2017-11-20,470,470,465,465,0,"6,428","3,000,043"
2017-11-19,480,480,453,470,0,"12,507","5,861,837"
2017-11-16,483,480,472,480,0,"12,019","5,690,872"
2017-11-15,479,490,478,483,0,"6,895","3,322,661"
2017-11-14,474,487,474,479,0,"6,223","2,971,629"
2017-11-13,471,480,473,474,0,"9,283","4,414,203"
2017-11-12,468,471,466,471,0,"7,484","3,508,986"
2017-11-09,464,470,463,468,0,"4,745","2,209,388"
2017-11-08,471,473,453,464,0,"8,499","3,936,311"
2017-11-07,474,477,470,471,0,"8,477","4,018,099"
2017-11-06,473,480,466,474,0,"7,939","3,770,029"
2017-11-05,485,482,470,473,0,"11,638","5,537,827"
2017-11-02,478,490,479,485,0,"7,590","3,684,119"
2017-11-01,480,479,475,478,0,"6,165","2,937,573"
2017-10-31,484,482,478,480,0,"6,232","2,987,969"
2017-10-30,485,488,478,484,0,"3,162","1,525,917"
2017-10-29,485,486,480,485,0,"14,379","6,970,747"
2017-10-25,487,487,484,485,0,"2,121","1,028,153"
2017-10-24,488,491,483,487,0,"3,723","1,813,709"
2017-10-23,492,488,480,488,0,"5,706","2,761,926"
2017-10-22,490,495,490,492,0,"2,355","1,158,436"
2017-10-18,485,495,480,490,0,"4,213","2,048,972"
2017-10-17,494,505,485,485,0,"7,491","3,700,369"
2017-10-16,476,494,480,494,0,"4,979","2,423,396"
2017-10-15,470,479,465,476,0,"14,124","6,718,129"
2017-10-12,467,471,463,470,0,"7,788","3,636,314"
2017-10-11,470,474,465,467,0,"4,347","2,034,208"
2017-10-10,465,470,460,470,0,"3,155","1,461,633"
2017-10-09,470,475,460,465,0,"11,468","5,309,969"
2017-10-08,481,472,455,470,0,"4,675","2,154,085"
2017-10-04,494,497,481,481,0,"3,611","1,772,718"
2017-10-03,494,494,494,494,0,169,"83,486"
2017-09-26,488,494,482,494,0,"3,008","1,462,292"
2017-09-25,480,488,475,488,0,"3,199","1,534,706"
2017-09-24,482,483,480,480,0,"1,390","667,546"
2017-09-20,487,487,475,482,0,"5,776","2,792,812"
2017-09-18,480,487,478,487,0,"3,075","1,486,811"
2017-09-17,477,486,475,480,0,"8,061","3,863,332"
2017-09-14,464,477,464,477,0,"5,839","2,741,616"
2017-09-13,472,472,450,464,0,"8,205","3,770,292"
2017-09-12,470,477,467,472,0,"9,233","4,330,303"
2017-09-11,470,483,461,470,0,"5,991","2,827,194"
2017-09-10,485,480,470,470,0,"16,947","8,046,715"
2017-09-07,488,492,484,485,0,"7,211","3,514,222"
2017-09-06,478,491,483,488,0,"10,724","5,223,978"
2017-09-04,500,500,478,478,0,"15,259","7,373,332"
2017-08-31,506,508,498,500,0,"11,312","5,664,929"
2017-08-30,517,513,505,506,0,"10,529","5,366,790"
2017-08-28,523,524,514,517,0,"7,136","3,695,003"
2017-08-27,522,540,523,523,0,"5,300","2,804,022"
2017-08-24,521,522,511,522,0,"5,456","2,831,930"
2017-08-23,526,528,516,521,0,"4,859","2,540,863"
2017-08-22,523,535,514,526,0,"4,098","2,148,296"
2017-08-21,525,528,520,523,0,"3,251","1,700,840"
2017-08-20,531,531,523,525,0,"5,409","2,843,835"
2017-08-17,531,534,529,531,0,"6,015","3,200,925"
2017-08-16,533,543,526,531,0,"6,203","3,319,865"
2017-08-15,538,541,532,533,0,"5,525","2,950,969"
2017-08-13,544,542,534,538,0,"14,171","7,591,832"
2017-08-10,548,548,540,544,0,"9,234","5,014,581"
2017-08-09,552,553,546,548,0,"5,811","3,189,685"
2017-08-07,552,560,551,552,0,"9,131","5,046,700"
2017-08-06,556,557,550,552,0,"8,858","4,888,909"
2017-08-03,555,557,553,556,0,"9,984","5,542,829"
2017-08-02,554,557,550,555,0,"3,839","2,123,108"
2017-08-01,554,559,552,554,0,"6,343","3,515,028"
2017-07-31,552,565,550,554,0,"15,503","8,627,655"
2017-07-30,553,560,545,552,0,"6,616","3,651,638"
2017-07-27,541,559,544,553,0,"19,026","10,466,660"
2017-07-26,543,544,538,541,0,"17,041","9,210,839"
2017-07-25,550,555,543,543,0,"10,604","5,812,233"
2017-07-24,552,552,537,550,0,"19,509","10,621,449"
2017-07-23,559,566,546,552,0,"13,420","7,467,407"
2017-07-20,565,564,556,559,0,"6,683","3,751,876"
2017-07-19,578,580,565,565,0,"18,836","10,722,583"
2017-07-18,551,578,558,578,0,"12,104","6,857,708"
2017-07-17,545,553,540,551,0,"8,427","4,622,090"
2017-07-16,545,545,540,545,0,"6,607","3,576,007"
2017-07-13,550,555,540,545,0,"11,036","6,008,611"
2017-07-12,552,552,546,550,0,"5,741","3,092,056"
2017-07-11,536,554,540,552,0,"10,846","5,966,265"
2017-07-10,555,560,526,536,0,"8,157","4,475,085"
2017-07-09,543,564,528,555,0,"14,587","8,050,481"
2017-07-06,532,549,538,543,0,"15,255","8,254,677"
2017-07-05,526,532,520,532,0,"6,232","3,276,685"
2017-07-04,531,532,526,526,0,"5,806","3,074,254"
2017-07-03,530,537,530,531,0,"9,042","4,818,026"
2017-07-02,540,540,530,530,0,"8,005","4,254,012"
2017-06-28,544,549,538,540,0,"6,559","3,556,439"
2017-06-27,547,547,540,544,0,"9,724","5,275,918"
2017-06-25,543,550,543,547,0,"5,224","2,854,527"
2017-06-22,543,545,541,543,0,"9,977","5,422,516"
2017-06-21,545,546,530,543,0,"8,777","4,767,101"
2017-06-20,543,550,540,545,0,"6,017","3,287,494"
2017-06-19,551,549,543,543,0,"13,637","7,440,596"
2017-06-18,563,565,551,551,0,"7,603","4,222,972"
2017-06-15,565,574,554,563,0,"10,662","6,016,114"
2017-06-14,568,569,560,565,0,"8,700","4,925,094"
2017-06-13,566,572,562,568,0,"5,572","3,159,412"
2017-06-12,567,571,556,566,0,"14,492","8,176,382"
2017-06-11,576,587,565,567,0,"36,850","21,182,845"
2017-06-08,583,582,573,576,0,"6,317","3,645,739"
2017-06-07,594,608,583,583,0,"18,015","10,728,176"
2017-06-06,558,595,565,594,0,"34,088","19,804,622"
2017-06-05,554,563,552,558,0,"9,387","5,242,465"
2017-06-04,558,560,550,554,0,"12,660","6,997,079"
2017-06-01,560,566,558,558,0,"20,334","11,432,244"
2017-05-31,565,569,550,560,0,"29,005","16,218,161"
2017-05-30,576,585,565,565,0,"7,093","4,064,980"
2017-05-28,585,585,572,576,0,"8,354","4,802,274"
2017-05-24,590,590,575,585,0,"10,297","5,995,562"
2017-05-23,590,600,579,590,0,"3,791","2,247,137"
2017-05-22,576,590,570,590,0,"7,271","4,197,230"
2017-05-21,590,591,576,576,0,"6,693","3,909,860"
2017-05-18,595,596,580,590,0,"31,431","18,367,197"
2017-05-17,605,606,595,595,0,"7,893","4,728,228"
2017-05-16,604,610,600,605,0,"4,410","2,656,789"
2017-05-15,604,623,603,604,0,"10,839","6,653,495"
2017-05-11,607,610,600,604,0,"18,997","11,434,927"
2017-05-09,607,616,604,607,0,"6,175","3,748,293"
2017-05-08,599,612,600,607,0,"7,535","4,555,691"
2017-05-07,616,609,594,599,0,"12,595","7,586,730"
2017-05-04,620,629,610,616,0,"14,331","8,835,833"
2017-05-03,620,632,610,620,0,"17,563","10,855,673"
2017-05-02,607,620,600,620,0,"24,704","15,045,665"
2017-04-30,607,615,594,607,0,"16,513","9,977,179"
2017-04-27,620,631,604,607,0,"13,313","8,199,501"
2017-04-26,627,630,620,620,0,"14,642","9,132,155"
2017-04-25,636,641,625,627,0,"17,996","11,341,637"
2017-04-24,647,648,630,636,0,"18,589","11,876,291"
2017-04-23,627,655,630,647,0,"57,086","36,378,571"
2017-04-20,631,640,622,627,0,"27,136","17,107,432"
2017-04-19,605,631,610,631,0,"23,771","14,714,633"
2017-04-18,620,625,593,605,0,"27,003","16,389,035"
2017-04-16,643,648,610,620,0,"21,841","13,695,786"
2017-04-13,650,659,637,643,0,"14,226","9,181,465"
2017-04-12,660,670,645,650,0,"23,128","15,318,481"
2017-04-11,667,678,651,660,0,"41,284","27,392,142"
2017-04-10,620,669,620,667,0,"50,634","32,627,052"
2017-04-09,592,625,602,620,0,"26,423","16,239,312"
2017-04-06,594,605,590,592,0,"17,687","10,527,919"
2017-04-04,596,620,589,594,0,"31,520","18,966,461"
2017-04-03,620,669,596,596,0,"24,220","15,391,782"
2017-04-02,568,620,575,620,0,"17,493","10,340,015"
2017-03-30,578,578,560,568,0,"17,496","9,958,606"
2017-03-29,576,602,568,578,0,"32,073","18,639,833"
2017-03-28,539,582,547,576,0,"23,850","13,395,531"
2017-03-26,511,551,510,539,0,"23,518","12,425,983"
2017-03-23,505,518,500,511,0,"9,340","4,751,257"
2017-03-22,491,527,490,505,0,"29,378","15,033,306"
2017-03-21,473,495,471,491,0,"15,047","7,269,276"
2017-03-20,463,490,463,473,0,"18,743","8,957,562"
2017-03-19,458,468,460,463,0,"16,399","7,586,390"
2017-03-16,460,464,457,458,0,"4,035","1,856,386"
2017-03-15,455,463,451,460,0,"5,816","2,665,706"
2017-03-14,456,461,451,455,0,"7,299","3,328,809"
2017-03-13,461,470,455,456,0,"4,313","1,978,736"
2017-03-09,457,468,457,461,0,"4,004","1,850,881"
2017-03-07,461,460,450,457,0,"14,584","6,616,148"
2017-03-06,471,475,461,461,0,"6,729","3,145,151"
2017-03-05,454,471,455,471,0,"5,575","2,566,612"
2017-03-02,454,469,448,454,0,"5,332","2,423,864"
2017-03-01,445,455,443,454,0,"6,724","3,022,511"
2017-02-28,450,445,430,445,0,"17,909","7,821,392"
2017-02-26,468,460,450,450,0,"5,816","2,641,805"
2017-02-23,472,475,465,468,0,"2,331","1,091,879"
2017-02-22,474,480,460,472,0,"3,579","1,665,845"
2017-02-21,475,492,461,474,0,"14,411","6,812,819"
2017-02-20,484,507,473,475,0,"11,144","5,430,096"
2017-02-19,478,490,465,484,0,"11,530","5,524,835"
2017-02-16,463,484,461,478,0,"20,575","9,779,821"
2017-02-15,450,469,442,463,0,"16,433","7,462,476"
2017-02-14,446,455,432,450,0,"8,912","3,968,990"
2017-02-13,435,454,413,446,0,"15,659","6,723,312"
2017-02-12,447,452,427,435,0,"18,631","8,141,605"
2017-02-09,460,462,445,447,0,"25,538","11,499,893"
2017-02-08,465,470,455,460,0,"7,900","3,665,499"
2017-02-07,467,466,454,465,0,"2,049","946,526"
2017-02-06,475,476,467,467,0,"9,297","4,372,549"
2017-02-05,483,483,466,475,0,"4,034","1,910,948"
2017-02-02,483,492,470,483,0,"8,359","4,018,298"
2017-02-01,458,484,455,483,0,"16,513","7,778,693"
2017-01-31,448,465,428,458,0,"14,269","6,344,698"
2017-01-30,460,460,440,448,0,"12,136","5,397,821"
2017-01-26,472,484,450,460,0,"15,765","7,218,491"
2017-01-25,487,496,470,472,0,"9,778","4,648,761"
2017-01-24,500,500,487,487,0,"13,207","6,499,496"
2017-01-23,507,502,498,500,0,"3,278","1,638,914"
2017-01-22,500,510,500,507,0,"4,273","2,162,265"
2017-01-19,505,510,500,500,0,"8,493","4,266,050"
2017-01-18,514,509,500,505,0,"7,043","3,540,362"
2017-01-17,504,515,493,514,0,"3,211","1,627,051"
2017-01-16,508,510,503,504,0,"1,013","515,231"
2017-01-15,510,510,500,508,0,"3,205","1,613,361"
2017-01-12,511,512,505,510,0,"9,711","4,944,378"
2017-01-11,508,517,506,511,0,"5,515","2,803,836"
2017-01-10,503,509,500,508,0,"3,048","1,540,725"
2017-01-09,499,505,496,503,0,"9,804","4,908,746"
2017-01-08,500,500,495,499,0,"7,878","3,921,384"
2017-01-05,500,510,499,500,0,"10,683","5,384,040"
2017-01-04,503,504,486,500,0,"10,629","5,266,871"
2017-01-03,520,515,503,503,0,"4,863","2,480,390"
2017-01-02,513,524,505,520,0,"3,921","2,020,120"
2017-01-01,499,516,501,513,0,"6,252","3,191,997"
2016-12-29,489,504,488,499,0,"8,932","4,452,587"
2016-12-28,481,490,475,489,0,"6,545","3,152,401"
2016-12-27,485,492,474,481,0,"10,556","5,072,435"
2016-12-26,503,500,485,485,0,"7,798","3,831,073"
2016-12-22,521,511,500,503,0,"11,464","5,790,616"
2016-12-21,640,642,613,620,0,"40,645","25,470,803"
2016-12-20,650,650,638,640,0,"11,858","7,648,256"
2016-12-19,660,656,649,650,0,"11,383","7,418,887"
2016-12-18,671,665,651,660,0,"7,297","4,803,525"
2016-12-15,657,673,657,671,0,"7,659","5,114,441"
2016-12-14,640,664,641,657,0,"12,540","8,146,725"
2016-12-12,648,650,636,640,0,"23,867","15,367,509"
2016-12-11,660,665,648,648,0,"8,199","5,376,084"
2016-12-08,665,665,660,660,0,"5,826","3,857,670"
2016-12-07,655,668,660,665,0,"4,768","3,162,816"
2016-12-06,656,678,649,655,0,"13,852","9,147,668"
2016-12-05,678,680,652,656,0,"6,260","4,112,968"
2016-12-04,697,700,675,678,0,"18,143","12,390,406"
2016-12-01,700,715,680,697,0,"26,630","18,667,919"
2016-11-30,665,714,667,700,0,"44,119","30,435,374"
2016-11-29,653,666,605,665,0,"19,614","12,698,331"
2016-11-28,625,667,580,653,0,"27,312","16,658,576"
2016-11-27,645,645,613,625,0,"27,085","17,048,295"
2016-11-24,635,672,630,645,0,"33,917","21,620,762"
2016-11-23,645,645,620,635,0,"17,338","11,001,032"
2016-11-22,675,668,625,645,0,"30,745","19,882,770"
2016-11-21,669,679,619,675,0,"30,478","19,888,842"
2016-11-20,684,690,647,669,0,"25,857","17,059,328"
2016-11-17,700,695,675,684,0,"25,873","17,780,874"
2016-11-16,707,708,691,700,0,"27,167","18,947,505"
2016-11-15,699,710,699,707,0,"29,778","20,958,219"
2016-11-14,687,711,690,699,0,"36,940","25,707,317"
2016-11-13,679,691,675,687,0,"27,774","18,938,874"
2016-11-10,683,696,670,679,0,"28,813","19,537,697"
2016-11-09,698,703,670,683,0,"19,153","13,129,545"
2016-11-08,707,707,690,698,0,"16,574","11,533,757"
2016-11-07,704,719,704,707,0,"16,526","11,736,278"
2016-11-03,718,730,704,704,0,"6,334","4,496,946"
2016-10-27,717,724,714,718,0,"10,563","7,586,536"
2016-10-26,727,735,700,717,0,"26,810","19,000,427"
2016-10-25,774,761,722,727,0,"38,957","28,570,991"
2016-10-24,793,785,764,774,0,"39,888","30,849,824"
2016-10-23,800,807,793,793,0,"14,378","11,468,701"
2016-10-20,804,810,793,800,0,"24,274","19,434,990"
2016-10-19,804,806,800,804,0,"18,981","15,256,100"
2016-10-18,814,810,803,804,0,"9,737","7,841,620"
2016-10-17,813,814,800,814,0,"13,733","11,063,212"
2016-10-16,815,824,807,813,0,"4,316","3,502,242"
2016-10-06,815,825,812,815,0,"16,350","13,373,938"
2016-10-05,820,825,813,815,0,"15,902","13,010,102"
2016-10-04,817,823,811,820,0,"22,434","18,366,348"
2016-10-03,810,822,813,817,0,"18,176","14,855,253"
2016-10-02,820,830,800,810,0,"21,143","17,096,986"
2016-09-29,802,830,795,820,0,"35,999","29,105,243"
2016-09-28,825,827,801,802,0,"18,873","15,412,520"
2016-09-27,817,840,820,825,0,"18,441","15,248,413"
2016-09-26,810,825,808,817,0,"25,579","20,928,071"
2016-09-25,842,850,807,810,0,"26,134","21,275,987"
2016-09-22,855,870,838,842,0,"27,002","22,791,895"
2016-09-21,866,863,839,855,0,"29,639","25,106,766"
2016-09-20,866,895,855,866,0,"48,920","42,564,345"
2016-09-18,875,888,860,866,0,"44,523","38,810,565"
2016-09-14,883,890,870,875,0,"41,950","36,748,916"
2016-09-12,891,885,878,883,0,"22,653","19,959,552"
2016-09-11,891,909,881,891,0,"20,836","18,582,635"
2016-09-08,900,910,891,891,0,"25,664","23,055,662"
2016-09-07,917,920,882,900,0,"45,047","40,676,016"
2016-09-06,927,936,900,917,0,"75,501","69,679,267"
2016-09-05,919,940,920,927,0,"82,839","77,206,128"
2016-09-04,889,922,900,919,0,"84,273","76,544,155"
2016-09-03,889,922,900,919,0,"84,273","76,544,155"
2016-09-01,892,907,885,889,0,"61,054","54,597,286"
2016-08-31,893,899,882,892,0,"73,032","64,985,189"
2016-08-30,900,918,873,893,0,"64,649","57,702,671"
2016-08-29,835,903,835,900,0,"93,824","80,576,354"
2016-08-28,810,840,790,835,0,"41,915","34,210,292"
2016-08-24,790,810,790,810,0,"14,909","11,893,598"
2016-08-23,790,805,775,790,0,"24,827","19,591,966"
2016-08-22,815,805,783,790,0,"33,657","26,631,264"
2016-08-21,825,830,803,815,0,"17,065","13,920,559"
2016-08-17,830,834,821,825,0,"28,741","23,838,282"
2016-08-16,814,841,794,830,0,"38,558","31,352,988"
2016-08-15,830,836,787,814,0,"39,982","32,316,004"
2016-08-14,855,855,826,830,0,"41,864","35,038,009"
2016-08-11,853,870,851,855,0,"44,946","38,649,378"
2016-08-10,827,893,820,853,0,"71,202","60,053,235"
2016-08-09,752,827,767,827,0,"10,651","8,778,116"
2016-08-08,823,820,752,752,0,"47,205","37,450,375"
2016-08-07,826,860,820,823,0,"81,581","68,843,922"
2016-08-04,854,854,822,826,0,"57,187","47,683,684"
2016-08-03,859,869,835,854,0,"46,959","40,056,770"
2016-08-02,866,870,851,859,0,"37,834","32,632,108"
2016-08-01,879,888,860,866,0,"32,348","28,234,382"
2016-07-31,890,907,873,879,0,"53,303","47,063,454"
2016-07-28,886,902,870,890,0,"90,622","80,997,693"
2016-07-27,890,912,880,886,0,"51,996","46,818,057"
2016-07-26,855,900,850,890,0,"82,065","72,742,002"
2016-07-25,810,860,810,855,0,"76,807","64,630,366"
2016-07-21,822,823,810,810,0,"19,256","15,717,572"
2016-07-20,838,850,815,822,0,"37,917","31,434,794"
2016-07-19,821,851,812,838,0,"29,176","24,193,818"
2016-07-18,808,845,813,821,0,"27,427","22,539,969"
2016-07-17,788,815,775,808,0,"43,879","35,186,744"
2016-07-14,779,794,776,788,0,"49,393","38,663,141"
2016-07-13,780,780,755,779,0,"17,631","13,647,914"
2016-07-12,795,795,755,780,0,"35,722","27,883,196"
2016-07-11,797,798,790,795,0,"11,683","9,277,320"
2016-07-10,801,810,797,797,0,"26,070","20,944,191"
2016-07-06,792,807,795,801,0,"33,550","26,880,838"
2016-07-05,790,795,776,792,0,"28,581","22,493,723"
2016-07-04,800,800,789,790,0,"21,718","17,094,639"
2016-07-03,806,810,784,800,0,"26,050","20,717,708"
2016-06-30,816,811,797,806,0,"26,632","21,429,252"
2016-06-29,820,833,810,816,0,"50,009","40,986,937"
2016-06-28,796,821,795,820,0,"110,316","89,275,169"
2016-06-27,770,814,776,796,0,"73,738","58,480,930"
2016-06-26,739,770,745,770,0,"65,408","49,440,386"
2016-06-23,740,753,735,739,0,"54,489","40,355,150"
2016-06-22,729,757,728,740,0,"73,412","53,910,822"
2016-06-21,711,729,709,729,0,"33,780","24,311,852"
2016-06-20,708,717,705,711,0,"27,121","19,256,929"
2016-06-19,715,734,700,708,0,"33,023","23,553,796"
2016-06-16,725,735,715,715,0,"31,855","23,063,745"
2016-06-15,719,731,712,725,0,"33,720","24,379,751"
2016-06-14,725,735,719,719,0,"52,700","38,471,346"
2016-06-13,702,738,700,725,0,"70,252","50,417,116"
2016-06-12,685,708,686,702,0,"54,711","38,259,674"
2016-06-09,690,690,670,685,0,"30,965","21,265,386"
2016-06-08,675,690,677,690,0,"32,414","22,120,806"
2016-06-07,652,677,655,675,0,"34,887","23,383,307"
2016-06-06,635,672,640,652,0,"33,184","21,715,874"
2016-06-05,660,659,632,635,0,"33,947","21,857,243"
2016-06-02,665,670,645,660,0,"20,452","13,457,111"
2016-06-01,665,670,651,665,0,"25,590","16,847,687"
2016-05-31,665,680,652,665,0,"28,353","18,904,619"
2016-05-30,673,681,661,665,0,"26,227","17,562,317"
2016-05-29,685,695,652,673,0,"39,873","26,958,094"
2016-05-26,697,701,671,685,0,"60,687","41,601,083"
2016-05-25,719,718,680,697,0,"83,949","58,673,322"
2016-05-24,697,719,700,719,0,"69,458","49,379,949"
2016-05-23,685,710,680,697,0,"44,347","30,701,425"
2016-05-22,685,694,675,685,0,"20,791","14,263,143"
2016-05-19,675,690,680,685,0,"38,380","26,203,206"
2016-05-18,667,683,670,675,0,"67,235","45,509,712"
2016-05-17,662,670,660,667,0,"29,614","19,696,470"
2016-05-16,665,667,660,662,0,"22,127","14,679,711"
2016-05-15,670,675,652,665,0,"35,057","23,400,994"
2016-05-12,670,673,662,670,0,"29,942","19,997,797"
2016-05-11,680,685,665,670,0,"24,820","16,656,105"
2016-05-10,687,696,667,680,0,"28,403","19,329,810"
2016-05-09,666,690,664,687,0,"35,896","24,440,075"
2016-05-08,657,669,657,666,0,"25,676","17,014,887"
2016-05-05,659,659,640,657,0,"36,073","23,551,613"
2016-05-04,665,665,648,659,0,"26,420","17,368,359"
2016-05-03,655,667,660,665,0,"61,892","41,015,015"
2016-05-02,657,665,650,655,0,"20,876","13,708,500"
2016-04-28,664,663,653,657,0,"26,453","17,405,592"
2016-04-27,650,670,637,664,0,"53,125","34,902,438"
2016-04-26,640,670,640,650,0,"71,208","46,970,948"
2016-04-25,636,642,635,640,0,"61,555","39,319,879"
2016-04-24,632,640,630,636,0,"23,174","14,729,395"
2016-04-21,635,637,623,632,0,"15,560","9,817,493"
2016-04-20,635,645,635,635,0,"27,534","17,557,309"
2016-04-19,637,652,633,635,0,"13,803","8,802,728"
2016-04-18,622,638,620,637,0,"29,379","18,471,328"
2016-04-17,614,623,611,622,0,"32,426","20,061,264"
2016-04-14,609,614,600,614,0,"20,590","12,506,174"
2016-04-12,605,609,600,609,0,"28,522","17,210,338"
2016-04-11,598,605,600,605,0,"37,663","22,624,930"
2016-04-10,598,602,595,598,0,"38,460","22,996,603"
2016-04-06,598,600,593,598,0,"14,651","8,755,329"
2016-04-05,589,598,588,598,0,"8,614","5,134,836"
2016-04-04,585,590,582,589,0,"16,707","9,827,770"
2016-04-03,590,600,572,585,0,"29,949","17,495,584"
2016-03-31,596,595,586,590,0,"33,572","19,820,917"
2016-03-30,604,605,595,596,0,"32,854","19,655,770"
2016-03-29,601,607,590,604,0,"46,013","27,597,388"
2016-03-28,607,609,597,601,0,"44,659","26,898,104"
2016-03-27,596,610,591,607,0,"60,865","36,728,050"
2016-03-24,587,603,590,596,0,"74,822","44,604,608"
2016-03-23,576,599,579,587,0,"59,664","35,067,110"
2016-03-21,561,599,570,576,0,"72,490","42,022,026"
2016-03-20,548,565,553,561,0,"52,346","29,330,207"
2016-03-17,542,554,532,548,0,"28,729","15,690,800"
2016-03-16,542,545,536,542,0,"22,337","12,096,888"
2016-03-15,540,543,535,542,0,"29,401","15,836,978"
2016-03-14,540,545,537,540,0,"18,217","9,841,243"
2016-03-13,532,543,530,540,0,"24,873","13,340,897"
2016-03-10,534,540,531,532,0,"28,465","15,285,274"
2016-03-06,537,541,533,534,0,"19,864","10,656,847"
2016-03-03,535,545,535,537,0,"15,854","8,543,307"
2016-03-02,539,548,529,535,0,"25,417","13,706,372"
2016-03-01,537,539,534,539,0,"15,831","8,494,793"
2016-02-29,534,537,530,537,0,"16,809","8,983,036"
2016-02-28,538,543,528,534,0,"28,693","15,337,605"
2016-02-25,539,542,530,538,0,"55,984","29,950,524"
2016-02-24,543,549,536,539,0,"42,215","22,830,841"
2016-02-23,547,551,538,543,0,"41,233","22,464,330"
2016-02-22,537,547,531,547,0,"54,898","29,633,099"
2016-02-21,541,547,532,537,0,"34,695","18,693,862"
2016-02-18,537,555,537,541,0,"34,207","18,606,699"
2016-02-17,520,550,518,537,0,"71,382","38,326,858"
2016-02-16,510,527,512,520,0,"46,071","23,995,392"
2016-02-15,511,514,500,510,0,"40,191","20,388,424"
2016-02-14,504,516,498,511,0,"48,114","24,553,968"
2016-02-11,485,505,485,504,0,"56,076","27,956,809"
2016-02-08,480,494,480,485,0,"15,360","7,439,822"
2016-02-07,482,500,480,480,0,"22,897","11,120,969"
2016-02-04,487,490,479,482,0,"21,254","10,236,560"
2016-02-03,485,488,477,487,0,"7,675","3,709,133"
2016-02-02,477,491,475,485,0,"21,542","10,407,504"
2016-02-01,454,477,463,477,0,"22,370","10,589,059"
2016-01-31,451,454,449,454,0,"18,267","8,230,166"
2016-01-28,460,463,450,451,0,"12,607","5,744,254"
2016-01-27,466,470,455,460,0,"14,989","6,915,482"
2016-01-26,462,475,466,466,0,"11,103","5,214,697"
2016-01-25,485,503,490,499,0,"59,476","29,437,684"
2016-01-24,472,490,467,485,0,"40,765","19,408,990"
2016-01-21,471,475,470,472,0,"14,019","6,628,438"
2016-01-20,471,475,467,471,0,"8,650","4,067,567"
2016-01-19,468,476,452,471,0,"28,309","13,281,233"
2016-01-18,465,490,458,468,0,"9,627","4,569,897"
2016-01-17,460,478,465,465,0,"13,070","6,159,126"
2016-01-14,445,466,449,460,0,"24,660","11,286,858"
2016-01-13,439,452,436,445,0,"12,678","5,599,086"
2016-01-12,432,439,428,439,0,"16,525","7,169,925"
2016-01-12,432,439,428,439,0,"16,525","7,169,925"
2016-01-11,438,439,432,432,0,"10,454","4,563,224"
2016-01-10,435,440,431,438,0,"7,792","3,398,718"
2016-01-07,421,439,421,435,0,"6,039","2,584,937"
2016-01-06,421,424,420,421,0,"3,648","1,538,718"
2016-01-05,421,425,417,421,0,"16,049","6,781,286"
2016-01-04,416,424,416,421,0,"2,559","1,078,416"
2016-01-03,428,425,416,416,0,"8,946","3,760,166"
2015-12-31,419,435,421,428,0,"6,454","2,746,373"
2015-12-29,417,420,415,419,0,"9,050","3,769,898"
2015-12-28,416,421,414,417,0,"14,456","6,013,287"
2015-12-27,412,416,412,416,0,750,"311,100"
2015-12-24,415,417,410,412,0,"1,867","772,013"
2015-12-23,420,419,415,415,0,"2,521","1,048,419"
2015-12-22,420,421,415,420,0,"7,202","3,016,322"
2015-12-21,410,420,411,420,0,"3,745","1,555,136"
2015-12-20,410,410,405,410,0,251,"102,742"
2015-12-17,414,410,409,410,0,"1,090","446,700"
2015-12-16,410,414,408,414,0,"3,628","1,491,668"
2015-12-15,413,415,410,410,0,"4,184","1,723,668"
2015-12-14,417,425,413,413,0,"1,803","751,221"
2015-12-13,420,424,417,417,0,"6,805","2,863,360"
2015-12-10,428,422,416,420,0,"3,303","1,386,590"
2015-12-09,415,428,417,428,0,"16,533","6,938,165"
2015-12-08,417,415,408,415,0,"2,264","929,520"
2015-12-07,416,422,413,417,0,"5,957","2,483,073"
2015-12-06,408,432,415,416,0,"8,447","3,531,688"
2015-12-03,405,420,402,408,0,"44,604","18,103,715"
2015-12-02,405,412,393,405,0,"12,111","4,897,849"
2015-12-01,396,408,400,405,0,"5,401","2,170,316"
2015-11-30,415,422,389,396,0,"16,884","6,641,515"
2015-11-29,425,417,404,415,0,"8,963","3,104,379"
2015-11-26,437,430,415,425,0,"3,370","1,426,355"
2015-11-25,444,440,437,437,0,"2,902","1,270,781"
2015-11-24,460,453,440,444,0,"28,692","12,684,568"
2015-11-23,455,460,441,460,0,"4,257","1,912,161"
2015-11-22,473,466,455,455,0,"3,936","1,816,015"
2015-11-19,479,476,470,473,0,"9,782","4,627,896"
2015-11-18,476,488,479,479,0,"21,302","10,258,629"
2014-09-29,503,507,495,507,0,"16,580","8,358,594"
2014-09-28,500,515,500,503,0,"13,131","6,628,224"
2014-09-24,475,502,482,500,0,"45,026","22,126,727"
2014-09-23,462,491,463,475,0,"15,280","7,314,594"
2014-09-22,455,462,450,462,0,"3,337","1,515,081"
2014-09-21,468,465,445,455,0,"3,586","1,621,258"
2014-09-18,490,487,450,468,0,"7,626","3,526,945"
2014-09-17,490,510,475,490,0,"7,319","3,575,280"
2014-09-16,489,499,460,490,0,"14,629","7,026,290"
2014-09-15,453,489,459,489,0,"5,918","2,791,925"
2014-09-14,466,467,453,453,0,"4,792","2,196,800"
2014-09-11,468,483,441,466,0,"6,897","3,189,102"
2014-09-10,488,505,460,468,0,"9,582","4,546,514"
2014-09-09,444,488,452,488,0,"8,043","3,768,609"
2014-09-07,465,463,436,444,0,"5,711","2,542,704"
2014-09-04,469,469,458,465,0,"7,189","3,322,065"
2014-09-03,475,472,466,469,0,"2,113","989,378"
2014-09-01,477,475,461,475,0,"4,378","2,045,769"
2014-08-31,484,484,468,477,0,"4,671","2,208,389"
2014-08-28,486,500,481,484,0,"11,393","5,583,177"
2014-08-27,455,499,464,486,0,"15,575","7,534,166"
2014-08-26,470,499,452,455,0,"6,166","2,928,164"
2014-08-25,489,480,463,470,0,"2,228","1,046,082"
2014-08-24,501,503,480,489,0,"6,789","3,308,300"
2014-08-21,494,505,476,501,0,"11,669","5,733,065"
2014-08-20,505,505,490,494,0,"9,735","4,818,544"
2014-08-19,505,520,502,505,0,"8,247","4,188,318"
2014-08-18,518,518,505,505,0,"3,523","1,793,149"
2014-08-14,518,524,514,518,0,"9,429","4,873,241"
2014-08-13,510,527,500,518,0,"16,912","8,652,412"
2014-08-12,517,512,505,510,0,"4,982","2,530,638"
2014-08-07,521,522,500,517,0,"13,084","6,664,901"
2014-08-06,531,539,516,521,0,"6,437","3,375,422"
2014-08-05,505,538,515,531,0,"13,020","6,860,559"
2014-08-04,519,520,505,505,0,"8,492","4,368,574"
2014-08-03,524,534,515,519,0,"7,373","3,856,097"
2014-07-31,520,536,510,524,0,"12,933","6,779,074"
2014-07-30,540,540,520,520,0,"7,023","3,729,794"
2014-07-28,545,554,535,540,0,"3,428","1,858,866"
2014-07-27,537,555,540,545,0,"14,216","7,734,316"
2014-07-24,528,548,529,537,0,"13,364","7,181,888"
2014-07-23,520,540,527,528,0,"18,221","9,677,202"
2014-07-22,542,540,515,520,0,"9,621","5,021,983"
2014-07-21,534,547,535,542,0,"20,865","11,253,197"
2014-07-20,525,545,525,534,0,"18,470","9,833,727"
2014-07-17,515,530,505,525,0,"16,536","8,602,364"
2014-07-16,517,527,512,515,0,"11,446","5,931,525"
2014-07-15,526,526,516,517,0,"3,848","2,001,423"
2014-07-14,550,540,510,526,0,"11,825","6,183,145"
2014-07-13,530,560,520,550,0,"9,388","5,080,953"
2014-07-10,517,540,500,530,0,"8,641","4,501,462"
2014-07-09,522,518,508,517,0,"12,053","6,174,486"
2014-07-08,500,524,500,522,0,"18,557","9,499,622"
2014-07-07,491,505,494,500,0,"14,913","7,425,782"
2014-07-06,491,493,489,491,0,"5,279","2,590,635"
2014-07-03,478,498,475,491,0,"14,430","7,035,839"
2014-07-02,495,493,478,478,0,"11,572","5,644,944"
2014-07-01,494,500,490,495,0,"7,540","3,732,194"
2014-06-30,500,495,490,494,0,"4,331","2,134,802"
2014-06-29,482,503,478,500,0,"12,118","6,006,313"
2014-06-26,483,489,475,482,0,"13,393","6,464,199"
2014-06-25,485,492,480,483,0,"12,097","5,824,454"
2014-06-24,480,489,476,485,0,"11,804","5,697,048"
2014-06-23,486,490,478,480,0,"4,611","2,215,218"
2014-06-19,491,497,482,486,0,"6,653","3,236,505"
2014-06-18,496,504,491,491,0,"10,192","5,081,606"
2014-06-17,498,505,485,496,0,"19,310","9,606,287"
2014-06-17,498,505,485,496,0,"19,310","9,606,287"
2014-06-16,495,504,491,498,0,"18,878","9,409,753"
2014-06-15,474,510,479,495,0,"20,062","9,895,755"
2014-06-12,470,480,470,474,0,"17,451","8,288,423"
2014-06-11,460,490,463,470,0,"27,520","13,010,639"
2014-06-10,451,480,456,460,0,"23,576","10,971,776"
2014-06-09,445,454,445,451,0,"16,815","7,578,109"
2014-06-08,443,453,445,445,0,"9,505","4,260,855"
2014-06-05,448,445,439,443,0,"13,789","6,096,527"
2014-06-04,446,452,445,448,0,"8,647","3,872,107"
2014-06-03,448,460,445,446,0,"14,944","6,742,456"
2014-06-02,434,448,435,448,0,"20,582","9,073,992"
2014-06-01,426,436,424,434,0,"12,090","5,212,038"
2014-05-28,425,430,422,426,0,"20,770","8,853,125"
2014-05-27,425,425,420,425,0,"7,844","3,323,531"
2014-05-26,430,429,422,425,0,"7,207","3,057,421"
2014-05-25,430,437,425,430,0,"17,997","7,734,274"
2014-05-22,422,430,424,430,0,"5,600","2,393,616"
2014-05-21,418,426,415,422,0,"16,411","6,891,875"
2014-05-20,415,420,412,418,0,"15,969","6,645,057"
2014-05-19,413,417,411,415,0,"21,264","8,808,660"
2014-05-18,412,414,408,413,0,"6,940","2,857,288"
2014-05-15,413,417,406,412,0,"8,050","3,317,715"
2014-05-15,413,417,406,412,0,"8,050","3,317,715"
2014-05-13,410,416,408,413,0,"7,105","2,928,573"
2014-05-12,407,415,399,410,0,"17,220","7,050,016"
2014-05-11,420,420,400,407,0,"7,899","3,212,646"
2014-05-08,426,427,414,420,0,"5,603","2,346,736"
2014-05-07,427,435,425,426,0,"31,221","13,474,104"
2014-05-06,416,435,408,427,0,"29,813","12,752,765"
2014-05-05,384,416,385,416,0,"8,410","3,384,165"
2014-05-04,381,394,380,384,0,"8,910","3,428,585"
2014-04-30,384,385,377,381,0,"6,985","2,660,351"
2014-04-29,383,387,380,384,0,"3,377","1,299,091"
2014-04-28,394,398,383,383,0,"4,110","1,613,992"
2014-04-27,390,397,390,394,0,"8,331","3,263,047"
2014-04-23,387,396,386,390,0,"5,727","2,230,817"
2014-04-22,382,389,376,387,0,"4,739","1,823,826"
2014-04-21,385,385,378,382,0,"2,309","879,024"
2014-04-20,385,385,376,385,0,"2,930","1,112,163"
2014-04-17,390,387,383,385,0,"1,189","457,351"
2014-04-16,395,395,387,390,0,"3,280","1,277,751"
2014-04-15,397,401,395,395,0,"4,083","1,620,232"
2014-04-13,388,400,388,397,0,"9,058","3,606,619"
2014-04-10,385,392,386,388,0,"2,769","1,078,715"
2014-04-09,377,385,377,385,0,"2,247","851,410"
2014-04-07,371,377,370,377,0,"1,461","547,119"
2014-04-06,386,385,371,371,0,"3,178","1,189,522"
2014-04-03,381,399,382,386,0,"5,062","1,969,624"
2014-04-02,395,399,381,381,0,"2,980","1,144,706"
2014-04-01,385,396,389,395,0,"5,403","2,119,266"
2014-03-31,380,385,377,385,0,"4,878","1,849,457"
2014-03-27,378,382,375,380,0,"4,881","1,841,399"
2014-03-26,376,378,372,378,0,"1,499","563,985"
2014-03-25,379,376,370,376,0,"3,332","1,241,291"
2014-03-24,376,380,375,379,0,"7,968","2,997,085"
2014-03-23,379,380,374,376,0,"3,129","1,178,311"
2014-03-20,371,379,365,379,0,"5,339","1,994,359"
2014-03-19,364,383,370,371,0,"7,089","2,643,372"
2014-03-18,370,370,353,364,0,"4,409","1,579,785"
2014-03-17,390,390,370,370,0,"1,819","687,484"
2014-03-13,379,393,380,390,0,"3,487","1,356,972"
2014-03-12,388,395,373,379,0,"6,362","2,429,184"
2014-03-11,387,394,383,388,0,"6,946","2,701,425"
2014-03-10,390,393,385,387,0,"97,794","37,696,092"
2014-03-09,400,400,390,390,0,"7,805","3,074,159"
2014-03-06,410,412,400,400,0,"5,739","2,319,216"
2014-03-05,400,415,395,410,0,"6,133","2,475,984"
2014-03-04,405,400,391,400,0,"9,326","3,674,554"
2014-03-03,422,421,405,405,0,"9,653","3,992,831"
2014-02-26,426,435,414,422,0,"14,612","6,166,216"
2014-02-25,420,427,415,426,0,"20,573","8,627,066"
2014-02-24,414,426,406,420,0,"47,094","19,653,989"
2014-02-23,404,418,400,414,0,"99,421","40,176,467"
2014-02-20,398,405,400,404,0,"4,351","1,751,081"
2014-02-18,400,401,396,398,0,"5,013","2,000,249"
2014-02-17,399,400,387,400,0,"1,853","732,013"
2014-02-16,405,405,391,399,0,"2,866","1,145,450"
2014-02-13,401,406,400,405,0,"4,200","1,695,200"
2014-02-12,400,405,396,401,0,"14,712","5,903,034"
2014-02-11,408,408,400,400,0,"9,858","3,961,457"
2014-02-10,395,420,402,408,0,"23,803","9,751,058"
2014-02-09,400,400,392,395,0,"5,217","2,060,174"
2014-02-06,399,404,395,400,0,"5,959","2,376,524"
2014-02-04,383,402,380,396,0,"8,903","3,503,579"
2014-02-03,396,395,383,383,0,"2,270","889,468"
2014-02-02,405,405,393,396,0,"5,756","2,286,356"
2014-01-29,403,405,400,405,0,"2,909","1,167,954"
2014-01-28,393,410,393,403,0,"10,034","4,028,383"
2014-01-27,401,400,390,393,0,"8,510","3,358,526"
2014-01-26,406,408,400,401,0,"20,675","8,299,725"
2014-01-23,408,412,406,406,0,"3,626","1,482,072"
2014-01-22,410,410,403,408,0,"6,104","2,484,768"
2014-01-21,407,430,408,410,0,"4,578","1,901,044"
2014-01-20,412,415,405,407,0,"5,788","2,354,772"
2014-01-19,420,415,408,412,0,"3,208","1,323,240"
2014-01-16,420,442,412,420,0,"6,222","2,644,645"
2014-01-14,410,425,404,420,0,"13,752","5,682,843"
2014-01-13,410,418,410,410,0,"5,931","2,453,110"
2014-01-12,402,410,400,410,0,"3,948","1,602,008"
2014-01-09,402,402,398,402,0,"1,663","664,626"
2014-01-08,394,411,393,402,0,"6,090","2,467,657"
2014-01-07,390,396,386,394,0,"4,680","1,823,763"
2014-01-06,394,390,385,390,0,"2,269","879,148"
2014-01-05,395,394,388,394,0,"4,326","1,683,352"
2014-01-02,378,399,361,395,0,"1,657","621,286"
2014-01-01,395,388,372,378,0,"3,818","1,443,632"
2013-12-31,398,402,395,395,0,"3,159","1,257,821"
2013-12-29,405,405,395,398,0,"6,106","2,453,401"
2013-12-26,395,423,402,405,0,"13,158","5,415,979"
2013-12-24,388,410,381,395,0,"11,157","4,382,719"
2013-12-23,430,424,387,388,0,"2,363","948,141"
2013-12-22,460,455,422,430,0,"4,651","2,006,479"
2013-12-19,475,466,448,460,0,"6,038","2,742,214"
2013-12-18,432,475,440,475,0,"27,711","13,074,729"
2013-12-16,397,432,398,432,0,"4,553","1,871,304"
2013-12-15,373,400,373,397,0,"8,969","3,464,575"
2013-12-12,355,385,360,373,0,"4,505","1,687,493"
2013-12-11,335,360,341,355,0,"7,487","2,649,296"
2013-12-10,339,341,334,335,0,"4,929","1,662,735"
2013-12-09,345,351,339,339,0,"4,423","1,525,910"
2013-12-08,360,360,340,345,0,"3,811","1,323,582"
2013-12-05,348,372,342,360,0,"58,150","20,238,819"
2013-12-04,317,348,315,348,0,"115,112","37,743,815"
2013-12-03,295,317,295,317,0,"4,604","1,398,919"
2013-12-02,294,300,290,295,0,"5,420","1,595,801"
2013-12-01,303,300,294,294,0,"2,637","780,612"
2013-11-28,305,310,298,303,0,"50,599","15,285,511"
2013-11-27,304,305,298,305,0,"15,650","4,719,241"
2013-11-26,298,310,297,304,0,"31,218","9,507,877"
2013-11-25,297,307,285,298,0,"75,881","22,220,146"
2013-11-24,270,297,275,297,0,"64,132","18,414,242"
2013-11-21,260,270,260,270,0,"10,240","2,663,300"
2013-11-14,264,267,258,260,0,"24,212","6,323,739"
2013-11-13,268,276,264,264,0,"11,824","3,158,593"
2013-11-12,264,277,264,268,0,"7,733","2,073,414"
2013-11-11,256,264,258,264,0,"7,542","1,971,360"
2013-11-10,254,259,253,256,0,"2,565","657,055"
2013-11-07,255,254,250,254,0,"2,362","594,586"
2013-11-06,250,255,253,255,0,427,"108,463"
2013-10-31,253,252,250,250,0,"2,191","548,787"
2013-10-30,249,254,253,253,0,"1,125","285,196"
2013-10-29,247,251,247,249,0,"3,232","803,496"
2013-10-28,250,250,247,247,0,543,"134,700"
2013-10-27,253,251,249,250,0,"2,131","532,940"
2013-10-24,255,253,250,253,0,"4,242","1,068,785"
2013-10-23,255,255,250,255,0,"2,486","630,135"
2013-10-22,264,260,255,255,0,579,"150,145"
2013-10-21,261,270,261,264,0,"5,057","1,337,941"
2013-10-20,260,263,260,261,0,"6,968","1,817,166"
2013-10-10,255,260,254,260,0,"3,241","828,742"
2013-10-09,248,255,247,255,0,"1,392","346,908"
2013-10-08,247,252,245,248,0,"2,473","610,929"
2013-10-07,240,250,244,247,0,"1,640","407,063"
2013-10-06,243,241,237,240,0,"2,800","671,480"
2013-10-03,241,243,241,243,0,695,"168,135"
2013-10-02,244,244,241,241,0,671,"162,044"
2013-10-01,245,244,235,244,0,"11,001","2,596,176"
2013-09-30,247,247,236,245,0,"14,534","3,460,890"
2013-09-29,243,247,235,247,0,"56,969","13,523,235"
2013-09-26,242,243,243,243,0,233,"56,619"
2013-09-25,243,243,237,242,0,"14,358","3,425,701"
2013-09-24,240,243,240,243,0,758,"182,838"
2013-09-23,242,242,240,240,0,"1,037","249,290"
2013-09-22,243,243,240,242,0,"1,804","434,297"
2013-09-19,248,245,243,243,0,795,"194,037"
2013-09-17,241,248,240,248,0,"1,612","392,348"
2013-09-16,244,244,240,241,0,"1,118","270,472"
2013-09-15,245,246,239,244,0,"2,496","602,688"
2013-09-12,244,245,244,245,0,844,"206,132"
2013-09-11,244,247,240,244,0,"3,468","838,774"
2013-09-10,244,245,244,244,0,"1,591","388,412"
2013-09-09,239,244,237,244,0,"6,195","1,490,440"
2013-09-08,242,244,235,239,0,"20,639","4,885,232"
2013-09-05,241,243,235,242,0,"37,264","8,774,048"
2013-09-04,243,241,235,241,0,"18,092","4,270,798"
2013-09-03,245,245,239,243,0,"9,537","2,304,684"
2013-09-02,246,248,240,245,0,"11,536","2,800,119"
2013-09-01,248,250,245,246,0,"3,632","892,249"
2013-08-29,250,251,246,248,0,"5,195","1,285,288"
2013-08-27,247,252,246,250,0,"5,267","1,304,589"
2013-08-26,254,253,247,247,0,"3,132","780,923"
2013-08-25,258,256,254,254,0,929,"236,802"
2013-08-20,256,260,255,258,0,"6,881","1,769,891"
2013-08-19,250,256,251,256,0,"2,328","590,108"
2013-10-03,241,243,241,243,0,695,"168,135"
2013-10-02,244,244,241,241,0,671,"162,044"
2013-10-01,245,244,235,244,0,"11,001","2,596,176"
2013-09-30,247,247,236,245,0,"14,534","3,460,890"
2013-09-29,243,247,235,247,0,"56,969","13,523,235"
2013-09-26,242,243,243,243,0,233,"56,619"
2013-09-25,243,243,237,242,0,"14,358","3,425,701"
2013-09-24,240,243,240,243,0,758,"182,838"
2013-09-23,242,242,240,240,0,"1,037","249,290"
2013-09-22,243,243,240,242,0,"1,804","434,297"
2013-09-19,248,245,243,243,0,795,"194,037"
2013-09-17,241,248,240,248,0,"1,612","392,348"
2013-09-16,244,244,240,241,0,"1,118","270,472"
2013-09-15,245,246,239,244,0,"2,496","602,688"
2013-09-12,244,245,244,245,0,844,"206,132"
2013-09-11,244,247,240,244,0,"3,468","838,774"
2013-09-10,244,245,244,244,0,"1,591","388,412"
2013-09-09,239,244,237,244,0,"6,195","1,490,440"
2013-09-08,242,244,235,239,0,"20,639","4,885,232"
2013-09-05,241,243,235,242,0,"37,264","8,774,048"
2013-09-04,243,241,235,241,0,"18,092","4,270,798"
2013-09-03,245,245,239,243,0,"9,537","2,304,684"
2013-09-02,246,248,240,245,0,"11,536","2,800,119"
2013-09-01,248,250,245,246,0,"3,632","892,249"
2013-08-29,250,251,246,248,0,"5,195","1,285,288"
2013-08-27,247,252,246,250,0,"5,267","1,304,589"
2013-08-26,254,253,247,247,0,"3,132","780,923"
2013-08-25,258,256,254,254,0,929,"236,802"
2013-08-20,256,260,255,258,0,"6,881","1,769,891"
2013-08-19,250,256,251,256,0,"2,328","590,108"
2013-10-03,241,243,241,243,0,695,"168,135"
2013-10-02,244,244,241,241,0,671,"162,044"
2013-10-01,245,244,235,244,0,"11,001","2,596,176"
2013-09-30,247,247,236,245,0,"14,534","3,460,890"
2013-09-29,243,247,235,247,0,"56,969","13,523,235"
2013-09-26,242,243,243,243,0,233,"56,619"
2013-09-25,243,243,237,242,0,"14,358","3,425,701"
2013-09-24,240,243,240,243,0,758,"182,838"
2013-09-23,242,242,240,240,0,"1,037","249,290"
2013-09-22,243,243,240,242,0,"1,804","434,297"
2013-09-19,248,245,243,243,0,795,"194,037"
2013-09-17,241,248,240,248,0,"1,612","392,348"
2013-09-16,244,244,240,241,0,"1,118","270,472"
2013-09-15,245,246,239,244,0,"2,496","602,688"
2013-09-12,244,245,244,245,0,844,"206,132"
2013-09-11,244,247,240,244,0,"3,468","838,774"
2013-09-10,244,245,244,244,0,"1,591","388,412"
2013-09-09,239,244,237,244,0,"6,195","1,490,440"
2013-09-08,242,244,235,239,0,"20,639","4,885,232"
2013-09-05,241,243,235,242,0,"37,264","8,774,048"
2013-09-04,243,241,235,241,0,"18,092","4,270,798"
2013-09-03,245,245,239,243,0,"9,537","2,304,684"
2013-09-02,246,248,240,245,0,"11,536","2,800,119"
2013-09-01,248,250,245,246,0,"3,632","892,249"
2013-08-29,250,251,246,248,0,"5,195","1,285,288"
2013-08-27,247,252,246,250,0,"5,267","1,304,589"
2013-08-26,254,253,247,247,0,"3,132","780,923"
2013-08-25,258,256,254,254,0,929,"236,802"
2013-08-20,256,260,255,258,0,"6,881","1,769,891"
2013-08-19,250,256,251,256,0,"2,328","590,108"
2013-08-18,248,252,248,250,0,"3,589","897,565"
2013-08-15,247,248,246,248,0,486,"119,961"
2013-08-14,248,250,243,247,0,"6,514","1,598,064"
2013-08-13,250,250,248,248,0,"2,064","512,390"
2013-08-12,253,251,249,250,0,"1,594","398,425"
2013-08-11,250,260,253,253,0,"2,384","606,409"
2013-08-08,256,256,250,250,0,"3,317","835,435"
2013-08-07,260,268,256,256,0,"6,545","1,715,231"
2013-08-06,261,262,253,260,0,"3,233","829,312"
2013-08-05,268,266,260,261,0,"2,271","594,587"
2013-08-04,262,274,263,268,0,"2,695","726,174"
2013-08-01,265,266,262,262,0,"4,688","1,235,608"
2013-07-31,265,272,265,265,0,"1,990","534,438"
2013-07-30,264,269,262,265,0,"7,464","1,965,335"
2013-07-29,264,266,262,264,0,"5,994","1,579,580"
2013-07-28,265,269,261,264,0,"5,278","1,392,470"
2013-07-25,268,265,265,265,0,191,"50,615"
2013-07-24,273,270,268,268,0,209,"56,221"
2013-07-23,270,275,268,273,0,"3,392","921,020"
2013-07-22,275,280,265,270,0,"5,532","1,503,691"
2013-07-21,264,279,265,275,0,"9,298","2,540,550"
2013-07-18,261,264,257,264,0,"6,046","1,569,855"
2013-07-17,252,261,253,261,0,732,"186,840"
2013-07-16,252,252,248,252,0,560,"140,412"
2013-07-15,255,255,250,252,0,"1,362","342,022"
2013-07-14,254,258,255,255,0,606,"154,782"
2013-07-11,255,254,251,254,0,841,"211,895"
2013-07-10,252,256,252,255,0,"3,384","858,801"
2013-07-09,246,253,249,252,0,"1,402","352,543"
2013-07-08,242,246,243,246,0,552,"135,673"
2013-07-07,243,243,237,242,0,"2,211","530,121"
2013-07-04,245,245,240,243,0,"2,527","612,694"
2013-07-03,244,245,243,245,0,445,"108,495"
2013-07-02,245,244,243,244,0,897,"218,485"
2013-07-01,241,245,245,245,0,50,"12,250"
2013-06-30,245,245,241,241,0,770,"186,450"
2013-06-27,253,255,245,245,0,"1,894","477,420"
2013-06-26,252,255,250,253,0,"7,635","1,925,859"
2013-06-25,245,252,243,252,0,"2,322","570,590"
2013-06-24,240,245,240,245,0,"1,277","308,586"
2013-06-23,240,240,240,240,0,100,"24,000"
2013-06-20,241,241,239,240,0,"4,409","1,058,995"
2013-06-19,242,242,240,241,0,"1,767","426,394"
2013-06-18,244,245,242,242,0,854,"208,311"
2013-06-17,246,246,244,244,0,"1,132","276,738"
2013-06-16,246,246,246,246,0,96,"23,616"
2013-06-13,249,246,242,246,0,"1,907","466,787"
2013-06-12,250,250,247,249,0,845,"210,339"
2013-06-10,246,250,246,250,0,"4,373","1,084,202"
2013-06-09,247,250,245,246,0,"1,210","299,888"
2013-06-06,247,247,247,247,0,500,"123,500"
2013-06-05,244,250,244,247,0,"1,118","275,852"
2013-06-04,248,249,244,244,0,"2,617","648,041"
2013-06-03,240,248,242,248,0,"1,920","466,902"
2013-06-02,246,248,240,240,0,"3,041","735,639"
2013-05-30,250,248,245,246,0,"2,655","653,354"
2013-05-28,249,252,247,250,0,"7,686","1,923,074"
2013-05-27,246,250,246,249,0,"5,578","1,383,947"
2013-05-26,244,246,242,246,0,"3,064","745,128"
2013-05-23,250,250,244,244,0,856,"211,316"
2013-05-22,250,252,248,250,0,792,"197,248"
2013-05-21,250,251,250,250,0,773,"193,574"
2013-05-20,250,251,250,250,0,"1,017","254,270"
2013-05-19,253,250,250,250,0,96,"24,000"
2013-05-16,252,253,253,253,0,"1,200","303,600"
2013-05-15,253,255,252,252,0,"7,507","1,902,175"
2013-05-14,252,253,246,253,0,"4,249","1,062,202"
2013-05-13,248,252,248,252,0,"5,516","1,379,519"
2013-05-12,248,250,248,248,0,"3,191","794,940"
2013-05-09,250,252,247,248,0,"1,331","330,946"
2013-05-08,253,251,246,250,0,"1,941","481,491"
2013-05-07,247,258,244,253,0,"4,635","1,174,510"
2013-05-06,249,249,241,247,0,"1,751","425,965"
2013-05-05,250,253,249,249,0,"1,013","253,961"
2013-05-02,255,255,250,250,0,"1,502","376,474"
2013-04-30,255,257,252,255,0,"5,609","1,422,420"
2013-04-29,260,259,253,255,0,"2,956","754,711"
2013-04-28,254,262,255,260,0,"13,831","3,547,528"
2013-04-25,257,260,252,254,0,"2,714","693,940"
2013-04-23,265,269,257,257,0,"2,847","749,180"
2013-04-21,270,265,255,265,0,"5,158","1,335,806"
2013-04-18,264,270,265,270,0,573,"152,800"
2013-04-17,267,270,264,264,0,"4,580","1,220,720"
2013-04-16,273,272,267,267,0,"4,241","1,137,374"
2013-04-15,270,280,272,273,0,"4,424","1,214,412"
2013-04-11,273,276,270,270,0,"5,995","1,622,218"
2013-04-09,272,273,269,273,0,"1,207","326,650"
2013-04-08,269,274,267,272,0,"2,008","543,477"
2013-04-07,268,269,268,269,0,600,"161,200"
2013-04-04,269,268,266,268,0,953,"254,431"
2013-04-03,270,271,266,269,0,"2,560","691,216"
2013-04-02,268,270,268,270,0,"1,371","369,636"
2013-04-01,265,272,261,268,0,"1,425","379,543"
2013-03-31,275,270,261,265,0,"2,327","610,578"
2013-03-28,280,280,271,275,0,"1,303","358,435"
2013-03-27,271,280,265,280,0,"10,450","2,795,062"
2013-03-25,271,273,266,271,0,"3,002","812,876"
2013-03-24,276,272,271,271,0,429,"116,359"
2013-03-21,282,277,275,276,0,"1,881","519,165"
2013-03-20,279,282,282,282,0,157,"44,274"
2013-03-19,276,280,275,279,0,"1,883","524,021"
2013-03-18,279,280,270,276,0,"1,917","524,042"
2013-03-17,289,284,279,279,0,"4,748","1,343,775"
2013-03-14,291,309,287,289,0,"5,649","1,673,380"
2013-03-13,283,291,284,291,0,"2,206","636,713"
2013-03-11,281,283,278,283,0,"4,052","1,137,262"
2013-03-07,285,285,280,281,0,"4,969","1,401,157"
2013-03-06,280,287,285,285,0,"1,567","447,243"
2013-03-05,280,283,257,280,0,"37,562","9,818,844"
2013-03-04,285,285,280,280,0,"3,799","1,076,388"
2013-03-03,282,285,283,285,0,"4,233","1,203,079"
2013-02-28,284,285,280,282,0,"5,814","1,643,450"
2013-02-27,286,284,284,284,0,191,"54,244"
2013-02-26,281,291,282,286,0,"7,752","2,211,107"
2013-02-25,283,295,280,281,0,"19,224","5,442,199"
2013-02-24,287,286,277,283,0,"3,537","994,131"
2013-02-21,283,296,275,287,0,"2,450","705,691"
2013-02-20,292,292,280,283,0,"3,705","1,057,026"
2013-02-19,305,311,290,292,0,"9,736","2,932,709"
2013-02-17,278,305,278,305,0,"7,234","2,146,480"
2013-02-14,275,285,270,278,0,"8,880","2,461,100"
2013-02-13,290,285,275,275,0,"1,942","540,177"
2013-02-12,267,290,270,290,0,"7,204","1,970,388"
2013-02-10,264,267,264,267,0,"2,185","578,597"
2013-02-07,268,264,262,264,0,"2,136","562,008"
2013-02-06,267,272,264,268,0,"5,477","1,453,580"
2013-02-05,267,267,265,267,0,"1,715","455,605"
2013-02-04,254,270,259,267,0,"3,090","821,918"
2013-02-03,254,272,250,254,0,"9,241","2,387,433"
2013-01-31,261,257,253,254,0,"2,524","642,473"
2013-01-30,259,263,261,261,0,957,"250,263"
2013-01-28,259,264,259,259,0,"3,867","1,009,454"
2013-01-27,260,261,255,259,0,"3,813","983,364"
2013-01-24,262,260,250,260,0,"2,374","600,161"
2013-01-23,264,268,260,262,0,"4,557","1,192,037"
2013-01-22,256,264,261,264,0,"2,481","652,250"
2013-01-21,246,261,250,256,0,"7,252","1,850,549"
2013-01-20,257,252,241,246,0,"2,566","628,550"
2013-01-17,264,262,257,257,0,"6,560","1,701,405"
2013-01-16,274,269,264,264,0,"1,522","404,624"
2013-01-15,269,274,265,274,0,"5,891","1,585,765"
2013-01-13,264,269,259,269,0,"4,613","1,207,644"
2013-01-10,261,267,256,264,0,"6,508","1,693,838"
2013-01-09,262,264,258,261,0,"5,134","1,334,191"
2013-01-08,265,265,261,262,0,"1,806","473,662"
2013-01-07,275,270,265,265,0,"3,022","808,948"
2013-01-06,276,275,270,275,0,"2,526","689,195"
2013-01-03,267,279,266,276,0,"9,018","2,468,976"
2013-01-02,270,274,264,267,0,"8,346","2,248,057"
2013-01-01,280,275,268,270,0,"6,092","1,640,278"
2012-12-31,281,290,271,280,0,"3,233","889,349"
2012-12-27,281,291,275,281,0,"9,184","2,598,669"
2012-12-26,270,293,275,281,0,"12,849","3,616,225"
2012-12-24,252,270,255,270,0,"10,266","2,699,881"
2012-12-23,256,256,252,252,0,"10,050","2,541,373"
2012-12-20,257,261,255,256,0,"4,420","1,138,385"
2012-12-19,256,266,254,257,0,"3,192","822,237"
2012-12-18,258,258,250,256,0,"5,805","1,474,842"
2012-12-17,255,270,250,258,0,"12,475","3,232,000"
2012-12-16,242,258,245,255,0,"4,859","1,222,121"
2012-12-13,245,243,240,242,0,"2,430","584,325"
2012-12-12,238,245,240,245,0,971,"236,946"
2012-12-11,236,240,236,238,0,"4,670","1,112,617"
2012-12-10,235,236,236,236,0,"1,000","236,000"
2012-12-09,249,246,235,235,0,"4,778","1,142,505"
2012-12-06,250,249,241,249,0,"3,631","885,890"
2012-12-05,239,253,242,250,0,"9,172","2,258,995"
2012-12-04,229,243,232,239,0,"7,714","1,826,711"
2012-12-03,236,233,228,229,0,"6,900","1,585,776"
2012-12-02,237,237,235,236,0,460,"108,410"
2012-11-29,242,238,233,237,0,"3,500","824,426"
2012-11-28,244,243,238,242,0,"3,519","849,078"
2012-11-27,245,249,242,244,0,"4,822","1,177,563"
2012-11-26,249,247,245,245,0,"1,581","389,037"
2012-11-25,243,253,241,249,0,"11,633","2,904,994"
2012-11-22,238,246,234,243,0,"10,373","2,504,660"
2012-11-21,246,248,234,238,0,"10,459","2,534,157"
2012-11-20,243,262,245,246,0,"10,169","2,548,715"
2012-11-18,228,250,230,243,0,"5,281","1,271,183"
2012-11-12,230,234,220,228,0,"8,594","1,968,549"
2012-11-11,230,244,217,230,0,"7,494","1,742,692"
2012-11-08,214,234,218,230,0,"18,236","4,188,123"
2012-11-07,201,214,205,214,0,"8,724","1,824,554"
2012-11-06,196,204,196,201,0,"8,854","1,764,591"
2012-11-05,196,204,194,196,0,"10,288","2,034,404"
2012-11-04,194,198,192,196,0,"5,671","1,103,555"
2012-11-01,193,195,189,194,0,"23,435","4,489,733"
2012-10-31,185,197,187,193,0,"9,065","1,725,212"
2012-10-30,182,185,185,185,0,"1,000","185,000"
2012-10-18,184,187,181,182,0,"2,680","495,446"
2012-10-17,175,184,177,184,0,"2,010","365,409"
2012-10-15,170,178,172,175,0,576,"100,701"
2012-10-14,166,172,167,170,0,950,"160,852"
2012-10-11,168,168,166,166,0,"2,025","338,100"
2012-10-10,169,170,167,168,0,"1,383","232,640"
2012-10-09,166,169,163,169,0,"4,428","732,695"
2012-10-08,166,168,166,166,0,"3,137","523,242"
2012-10-07,165,168,164,166,0,"5,279","875,596"
2012-10-04,162,165,161,165,0,"2,050","332,120"
2012-10-03,162,163,161,162,0,"3,073","497,176"
2012-10-02,160,162,162,162,0,44,"7,128"
2012-10-01,160,160,156,160,0,"2,794","438,337"
2012-10-01,160,160,156,160,0,"2,794","438,337"
2012-09-30,163,160,158,160,0,892,"142,600"
2012-09-26,158,160,157,157,0,661,"104,260"
2012-09-25,158,159,156,158,0,"10,084","1,579,109"
2012-09-24,159,158,156,158,0,"1,528","239,424"
2012-09-23,165,162,157,159,0,"1,277","203,116"
2012-09-20,168,171,165,165,0,"2,503","416,973"
2012-09-19,176,174,168,168,0,"1,118","189,406"
2012-09-18,170,176,172,176,0,"4,782","829,702"
2012-09-17,167,170,170,170,0,395,"67,150"
2012-09-16,168,171,167,167,0,"2,630","445,130"
2012-09-13,165,168,166,168,0,"3,645","607,809"
2012-09-12,164,168,165,165,0,"2,014","334,062"
2012-09-11,165,165,161,164,0,"1,165","188,977"
2012-09-10,159,165,162,165,0,324,"53,238"
2012-09-09,157,159,152,159,0,"1,678","257,380"
2012-09-06,161,160,157,157,0,"2,031","321,106"
2012-09-05,162,167,159,161,0,448,"72,457"
2012-09-04,163,163,160,162,0,"5,945","952,783"
2012-09-03,152,167,155,163,0,"1,763","288,100"
2012-09-02,156,153,150,152,0,"1,144","172,270"
2012-08-30,155,158,155,156,0,"1,177","184,512"
2012-08-29,156,156,155,155,0,881,"137,136"
2012-08-28,155,159,156,156,0,530,"82,710"
2012-08-27,154,160,155,155,0,"1,838","286,765"
2012-08-26,154,155,154,154,0,"1,220","187,980"
2012-08-23,158,161,154,154,0,808,"127,467"
2012-08-22,158,160,158,158,0,250,"39,700"
2012-08-21,155,158,152,158,0,"1,307","200,176"
2012-08-19,161,159,153,155,0,"1,376","213,548"
2012-08-16,153,161,152,161,0,"2,407","374,874"
2012-08-15,164,161,151,153,0,"5,796","896,779"
2012-08-14,167,164,158,164,0,"5,362","863,262"
2012-08-13,170,168,166,167,0,"1,341","223,816"
2012-08-12,177,174,166,170,0,"2,155","364,411"
2012-08-08,177,177,176,177,0,282,"49,814"
2012-08-07,177,181,177,177,0,600,"107,800"
2012-08-06,179,177,174,177,0,"3,860","678,877"
2012-08-05,180,180,179,179,0,731,"131,480"
2012-08-01,180,181,178,180,0,"4,535","816,286"
2012-07-31,180,183,180,180,0,"1,613","293,053"
2012-07-30,174,180,176,180,0,"2,282","408,415"
2012-07-29,177,177,172,174,0,"1,682","291,238"
2012-07-26,180,177,171,177,0,"3,871","664,539"
2012-07-25,183,182,180,180,0,"1,051","189,922"
2012-07-24,184,183,180,183,0,"1,170","211,835"
2012-07-23,178,187,181,184,0,"4,745","873,898"
2012-07-22,171,180,174,178,0,"1,646","293,295"
2012-07-19,178,181,169,171,0,"7,243","1,262,660"
2012-07-18,179,178,176,178,0,657,"116,232"
2012-07-17,179,179,173,179,0,"1,241","216,992"
2012-07-16,180,180,175,179,0,"2,888","510,378"
2012-07-15,181,181,178,180,0,"2,300","410,900"
2012-07-12,190,187,181,181,0,"1,326","242,056"
2012-07-11,189,190,188,190,0,770,"145,591"
2012-07-10,182,189,185,189,0,"1,520","282,513"
2012-07-09,186,186,181,182,0,"1,823","333,024"
2012-07-08,189,188,185,186,0,"1,221","227,443"
2012-07-05,189,189,186,189,0,"1,723","324,566"
2012-07-04,191,190,188,189,0,"2,743","517,215"
2012-07-03,180,191,180,191,0,"1,804","329,559"
2012-07-02,192,190,180,180,0,"6,024","1,100,303"
2012-07-01,195,193,190,192,0,955,"182,205"
2012-06-28,188,198,191,195,0,"2,615","509,056"
2012-06-27,188,193,186,188,0,"2,935","553,980"
2012-06-26,192,190,188,188,0,648,"122,850"
2012-06-25,186,198,186,192,0,"3,765","728,553"
2012-06-21,185,186,186,186,0,79,"14,694"
2012-06-20,182,185,182,185,0,"2,179","400,115"
2012-06-19,182,185,182,182,0,"1,531","279,942"
2012-06-18,180,185,181,182,0,"3,209","589,465"
2012-06-17,188,188,180,180,0,"2,026","368,010"
2012-06-14,188,189,186,188,0,"1,718","320,604"
2012-06-13,192,193,188,188,0,"3,083","585,569"
2012-06-12,198,199,192,192,0,"2,033","399,410"
2012-06-11,194,200,195,198,0,"3,369","663,883"
2012-06-07,194,210,191,194,0,"3,479","683,174"
2012-06-06,204,204,193,194,0,"3,672","721,482"
2012-06-05,220,216,204,204,0,"5,794","1,205,631"
2012-06-04,226,223,210,220,0,"2,544","548,707"
2012-06-03,238,238,222,226,0,"3,680","840,778"
2012-05-27,227,242,227,238,0,"10,497","2,468,097"
2012-05-24,208,228,206,227,0,"4,151","900,116"
2012-05-23,226,222,207,208,0,"4,243","897,838"
2012-05-22,235,232,223,226,0,"2,571","585,011"
2012-05-21,235,243,228,235,0,"5,557","1,308,345"
2012-05-20,243,239,227,235,0,"8,161","1,911,109"
2012-05-17,228,244,232,243,0,"14,497","3,421,542"
2012-05-16,224,228,228,228,0,10,"2,280"
2012-05-15,204,224,208,224,0,"1,976","441,716"
2012-05-14,216,212,196,204,0,"1,589","320,310"
2012-05-13,237,233,214,216,0,"5,013","1,093,568"
2012-05-10,245,245,230,237,0,"10,371","2,450,107"
2012-05-09,260,255,242,245,0,"8,787","2,175,852"
2012-05-08,253,266,253,260,0,"23,993","6,179,536"
2012-05-07,237,253,241,253,0,"1,712","425,728"
2012-05-03,227,237,231,237,0,"1,189","276,635"
2012-04-30,240,238,225,227,0,"6,256","1,421,547"
2012-04-29,255,267,236,240,0,"9,887","2,483,350"
2012-04-26,235,258,229,255,0,"20,246","4,992,016"
2012-04-25,227,235,231,235,0,612,"143,780"
2012-04-24,207,227,211,227,0,"1,660","376,060"
2012-04-22,189,207,192,207,0,"9,545","1,964,553"
2012-04-19,184,202,185,189,0,"5,224","1,022,339"
2012-04-18,168,184,165,184,0,"2,661","479,417"
2012-04-17,186,195,168,168,0,"9,024","1,685,589"
2012-04-16,183,186,186,186,0,107,"19,902"
2012-04-15,167,183,170,183,0,"1,974","360,137"
2012-04-12,152,167,153,167,0,"5,232","863,371"
2012-04-11,154,163,152,152,0,"2,767","434,554"
2012-04-10,154,154,151,154,0,770,"117,152"
2012-04-09,152,154,154,154,0,79,"12,166"
2012-04-08,152,155,152,152,0,937,"144,095"
2012-04-04,152,155,152,152,0,712,"109,627"
2012-04-03,153,152,150,152,0,"2,848","430,048"
2012-04-02,147,153,147,153,0,"3,769","560,637"
2012-04-01,147,147,144,147,0,"5,184","757,559"
2012-03-29,149,149,147,147,0,696,"102,458"
2012-03-28,146,149,145,149,0,"1,178","172,106"
2012-03-27,148,148,146,146,0,"1,336","195,256"
2012-03-26,151,152,148,148,0,"1,645","245,292"
2012-03-25,154,153,151,151,0,328,"50,013"
2012-03-20,153,154,153,154,0,432,"66,292"
2012-03-19,152,153,152,153,0,"1,287","196,124"
2012-03-18,154,157,152,152,0,"3,873","589,902"
2012-03-15,154,154,154,154,0,100,"15,400"
2012-03-14,154,155,154,154,0,922,"142,810"
2012-03-13,153,155,154,154,0,"2,664","410,520"
2012-03-12,158,155,153,153,0,653,"100,551"
2012-03-06,158,159,157,158,0,"1,240","195,520"
2012-03-05,154,159,155,158,0,"2,915","458,379"
2012-03-04,156,154,153,154,0,"1,220","187,165"
2012-03-01,156,158,154,156,0,"1,919","297,746"
2012-02-29,153,159,153,156,0,"1,487","228,762"
2012-02-28,150,153,149,153,0,537,"80,629"
2012-02-27,150,150,150,150,0,667,"100,050"
2012-02-26,148,150,148,150,0,331,"49,385"
2012-02-23,149,149,148,148,0,341,"50,575"
2012-02-21,149,150,148,149,0,"1,263","188,187"
2012-02-16,151,150,147,149,0,653,"97,466"
2012-02-15,152,153,150,151,0,763,"114,895"
2012-02-14,150,152,150,152,0,457,"69,264"
2012-02-13,149,150,148,150,0,546,"81,598"
2012-02-12,151,152,149,149,0,313,"46,760"
2012-02-09,152,151,149,151,0,"1,224","183,699"
2012-02-08,150,152,152,152,0,120,"18,240"
2012-02-07,153,154,148,150,0,"3,631","546,906"
2012-02-06,154,153,150,153,0,"13,376","2,007,305"
2012-02-05,155,157,150,154,0,"5,961","903,407"
2012-02-02,156,158,152,155,0,725,"111,498"
2012-02-01,159,156,152,156,0,"1,905","291,543"
2012-01-29,153,159,156,159,0,573,"90,175"
2012-01-26,155,153,153,153,0,553,"84,609"
2012-01-25,161,158,155,155,0,258,"40,164"
2012-01-23,153,161,154,161,0,"1,628","252,304"
2012-01-22,161,158,153,153,0,"4,227","652,285"
2012-01-18,160,163,161,161,0,"2,603","419,783"
2012-01-16,157,160,151,160,0,"2,376","361,206"
2012-01-12,164,161,155,157,0,937,"147,437"
2012-01-11,163,164,164,164,0,236,"38,704"
2012-01-10,161,167,163,163,0,414,"67,931"
2012-01-09,161,163,158,161,0,"3,559","568,853"
2012-01-08,161,162,160,161,0,844,"135,536"
2012-01-05,164,161,161,161,0,"1,250","201,250"
2012-01-04,167,164,164,164,0,50,"8,200"
2012-01-03,167,179,167,167,0,"2,686","463,195"
2012-01-02,155,167,158,167,0,235,"38,780"
2012-01-01,155,155,155,155,0,100,"15,500"
2011-12-29,154,155,155,155,0,20,"3,100"
2011-12-28,156,156,154,154,0,470,"72,514"
2011-12-27,162,159,156,156,0,"50,178","7,828,302"
2011-12-26,163,165,162,162,0,332,"54,384"
2011-12-22,161,163,154,163,0,"51,093","7,870,625"
2011-12-21,158,161,158,161,0,66,"10,530"
2011-12-20,152,158,155,158,0,298,"46,784"
2011-12-19,150,152,152,152,0,"2,140","325,280"
2011-12-18,151,151,150,150,0,"1,390","209,690"
2011-12-15,156,154,150,151,0,"2,189","332,516"
2011-12-14,165,162,156,156,0,"100,243","15,639,195"
2011-12-11,171,168,165,165,0,93,"15,537"
2011-12-08,163,171,165,171,0,63,"10,590"
2011-12-05,157,163,160,163,0,214,"34,840"
2011-12-04,163,160,157,157,0,160,"25,300"
2011-12-01,163,166,161,163,0,"3,402","552,525"
2011-11-28,170,170,170,170,0,100,"17,000"
2011-11-27,170,170,167,170,0,931,"156,976"
2011-11-24,167,170,166,170,0,"2,645","444,018"
2011-11-23,167,170,167,167,0,"1,971","330,878"
2011-09-25,186,183,183,183,0,200,"36,600"
2011-09-22,178,186,181,186,0,"3,603","661,248"
2011-09-21,170,178,173,178,0,660,"116,700"
2011-09-20,166,172,168,170,0,541,"92,057"
2011-09-19,164,167,165,166,0,830,"137,917"
2011-09-18,169,166,163,164,0,"1,842","303,977"
2011-09-14,169,169,166,169,0,"1,714","286,216"
2011-09-13,177,174,169,169,0,415,"71,002"
2011-09-12,174,177,173,177,0,204,"35,796"
2011-09-08,174,177,174,174,0,115,"20,307"
2011-09-07,174,174,168,174,0,"4,265","724,836"
2011-09-06,180,179,174,174,0,241,"42,363"
2011-09-05,182,182,180,180,0,"1,236","222,952"
2011-09-04,185,185,182,182,0,94,"17,348"
2011-08-30,180,186,183,185,0,801,"148,573"
2011-08-29,178,180,180,180,0,15,"2,700"
2011-08-28,182,180,177,178,0,337,"59,833"
2011-08-25,188,185,182,182,0,"5,430","992,550"
2011-08-24,188,188,185,188,0,"5,318","984,582"
2011-08-23,188,188,185,188,0,"5,536","1,024,776"
2011-08-22,188,188,186,188,0,341,"63,536"
2011-08-18,182,188,185,188,0,179,"33,515"
2011-08-17,185,182,182,182,0,129,"23,478"
2011-08-16,190,187,171,185,0,"9,864","1,709,103"
2011-08-15,195,192,187,190,0,"2,010","379,985"
2011-08-11,183,195,186,195,0,"1,396","265,948"
2011-08-10,183,186,180,183,0,749,"136,974"
2011-08-09,184,183,175,183,0,"2,171","384,859"
2011-08-08,191,190,184,184,0,385,"72,406"
2011-08-04,190,191,190,191,0,"1,177","224,047"
2011-08-03,190,192,190,190,0,389,"74,361"
2011-08-02,196,196,190,190,0,636,"122,340"
2011-08-01,199,196,193,196,0,719,"139,576"
2011-07-31,199,199,196,199,0,165,"32,535"
2011-07-28,196,199,196,199,0,730,"144,170"
2011-07-27,190,196,193,196,0,"1,113","214,908"
2011-07-26,200,197,190,190,0,"1,866","359,674"
2011-07-25,204,200,200,200,0,222,"44,400"
2011-07-24,209,209,200,204,0,"1,027","208,632"
2011-07-21,207,213,205,209,0,"1,365","284,879"
2011-07-20,208,215,205,207,0,"1,929","402,570"
2011-07-19,197,208,191,208,0,"2,235","444,554"
2011-07-18,198,209,197,197,0,"5,931","1,194,181"
2011-07-17,195,198,198,198,0,69,"13,662"
2011-07-14,198,201,192,195,0,"2,976","580,428"
2011-07-13,190,206,193,198,0,"4,597","920,064"
2011-07-12,183,194,186,190,0,"2,177","414,301"
2011-07-11,183,183,175,183,0,"6,669","1,192,852"
2011-07-10,178,184,179,183,0,"2,579","467,086"
2011-07-07,184,181,178,178,0,231,"41,631"
2011-07-06,180,188,180,184,0,"5,823","1,079,265"
2011-07-05,180,186,172,180,0,"4,554","811,328"
2011-07-04,176,183,176,180,0,"4,344","781,004"
2011-07-03,173,176,169,176,0,"4,582","786,048"
2011-06-30,182,185,169,173,0,"4,805","843,561"
2011-06-29,167,182,160,182,0,"1,448","240,181"
2011-06-27,185,182,167,167,0,"1,162","200,618"
2011-06-26,203,223,185,185,0,"5,727","1,188,911"
2011-06-23,185,203,188,203,0,"2,417","487,738"
2011-06-21,169,185,172,185,0,793,"145,363"
2011-06-20,141,154,143,154,0,187,"27,944"
2011-06-19,141,154,143,154,0,187,"27,944"
2011-06-16,129,141,130,141,0,817,"108,402"
2011-06-15,135,135,129,129,0,"3,076","404,728"
2011-06-14,145,147,135,135,0,"2,671","373,235"
2011-06-13,150,159,145,145,0,"1,363","204,080"
2011-06-12,160,160,150,150,0,"3,304","505,988"
2011-06-09,161,167,159,160,0,"1,004","162,869"
2011-06-08,172,175,158,161,0,"1,132","183,524"
2011-06-07,181,184,172,172,0,249,"44,856"
2011-06-06,190,193,178,181,0,"3,223","584,227"
2011-06-05,204,200,190,190,0,259,"50,335"
2011-06-02,224,220,204,204,0,96,"20,236"
2011-06-01,212,224,208,224,0,521,"111,428"
2011-05-31,228,224,212,212,0,"1,043","229,420"
2011-05-30,217,228,221,228,0,78,"17,559"
2011-05-25,198,217,201,217,0,335,"69,883"
2011-05-24,192,198,195,198,0,83,"16,335"
2011-05-23,185,194,188,192,0,196,"37,532"
2011-05-19,190,187,182,185,0,732,"135,241"
2011-05-18,185,190,188,190,0,171,"32,390"
2011-05-16,182,185,185,185,0,"7,236","1,338,660"
2011-05-11,178,182,181,182,0,294,"53,450"
2011-05-10,172,181,175,178,0,735,"130,935"
2011-05-09,172,174,169,172,0,"1,475","250,245"
2011-05-08,176,175,172,172,0,350,"60,650"
2011-05-05,196,182,176,176,0,"1,066","190,034"
2011-04-28,195,207,193,196,0,"1,481","294,587"
2011-04-27,198,198,192,195,0,"1,039","202,919"
2011-04-26,206,210,198,198,0,306,"61,540"
